-- 1. user 테이블 수정
ALTER TABLE ouser RENAME COLUMN USERSNSAGREE TO USERSMSAGREE;
ALTER TABLE ouser ADD USEREMAILAGREE CHAR(1);
ALTER TABLE ouser MODIFY USEREMAILAGREE default 'N';

-- 2. review 테이블 수정
ALTER TABLE oreview ADD pdtid INT;
ALTER TABLE oreview MODIFY pdtid NUMBER;
COMMENT ON COLUMN oreview.pdtid IS '제품ID';

ALTER TABLE oreview ADD CONSTRAINT fkoproduct
FOREIGN KEY (pdtid) REFERENCES oproduct(pdtid);

-- 3. order 테이블에 cartid 컬럼 추가 후 FK 설정
ALTER TABLE oorder ADD cartid NUMBER;
ALTER TABLE oorder ADD CONSTRAINT fkocartlisttooorder
FOREIGN KEY (cartid) REFERENCES ocartlist(clistid);

-- 4. revurl 테이블 수정
ALTER TABLE orevurl DROP COLUMN rurlphoto;
ALTER TABLE orevurl DROP COLUMN rurlrecord;

ALTER TABLE orevurl ADD filesystemname VARCHAR2(100);
COMMENT ON COLUMN orevurl.filesystemname IS '파일명';

ALTER TABLE orevurl ADD fileoriginalname VARCHAR2(100);
COMMENT ON COLUMN orevurl.filesystemname IS '오리지널파일명';

ALTER TABLE orevurl ADD filelength NUMBER;
COMMENT ON COLUMN orevurl.filesystemname IS '파일용량';



-- Lineup 데이터
INSERT INTO OLINEUP (LINEUPID, LINEUPOPTION) VALUES (1, N'아트');
INSERT INTO OLINEUP (LINEUPID, LINEUPOPTION) VALUES (2, N'풀컬러');
INSERT INTO OLINEUP (LINEUPID, LINEUPOPTION) VALUES (3, N'파츠');

-- Color 데이터
INSERT INTO OCOLOR (COLORID, COLOROPTION) VALUES (1, N'코랄핑크');
INSERT INTO OCOLOR (COLORID, COLOROPTION) VALUES (2, N'블루네이비');
INSERT INTO OCOLOR (COLORID, COLOROPTION) VALUES (3, N'누드베이지');
INSERT INTO OCOLOR (COLORID, COLOROPTION) VALUES (4, N'레드버건디');
INSERT INTO OCOLOR (COLORID, COLOROPTION) VALUES (5, N'화이트');
INSERT INTO OCOLOR (COLORID, COLOROPTION) VALUES (6, N'골드');
INSERT INTO OCOLOR (COLORID, COLOROPTION) VALUES (7, N'그린');
INSERT INTO OCOLOR (COLORID, COLOROPTION) VALUES (8, N'옐로우');
INSERT INTO OCOLOR (COLORID, COLOROPTION) VALUES (9, N'퍼플');
INSERT INTO OCOLOR (COLORID, COLOROPTION) VALUES (10, N'블랙');
INSERT INTO OCOLOR (COLORID, COLOROPTION) VALUES (11, N'브라운');
INSERT INTO OCOLOR (COLORID, COLOROPTION) VALUES (12, N'실버그레이');
INSERT INTO OCOLOR (COLORID, COLOROPTION) VALUES (13, N'네온');
INSERT INTO OCOLOR (COLORID, COLOROPTION) VALUES (14, N'오렌지');

-- Design 데이터 
INSERT INTO ODESIGN (DESIGNID, DESIGNOPTION) VALUES (1, N'데일리');
INSERT INTO ODESIGN (DESIGNID, DESIGNOPTION) VALUES (2, N'웨딩');
INSERT INTO ODESIGN (DESIGNID, DESIGNOPTION) VALUES (3, N'시럽');
INSERT INTO ODESIGN (DESIGNID, DESIGNOPTION) VALUES (4, N'무채색');
INSERT INTO ODESIGN (DESIGNID, DESIGNOPTION) VALUES (5, N'키치');
INSERT INTO ODESIGN (DESIGNID, DESIGNOPTION) VALUES (6, N'드로잉');
INSERT INTO ODESIGN (DESIGNID, DESIGNOPTION) VALUES (7, N'마블');
INSERT INTO ODESIGN (DESIGNID, DESIGNOPTION) VALUES (8, N'자개');
INSERT INTO ODESIGN (DESIGNID, DESIGNOPTION) VALUES (9, N'글리터');
INSERT INTO ODESIGN (DESIGNID, DESIGNOPTION) VALUES (10, N'자석');
INSERT INTO ODESIGN (DESIGNID, DESIGNOPTION) VALUES (11, N'네일샵디자인');

-- Membership 데이터
INSERT INTO OMEMBERSHIP (MEMID, MEMNAME, MEMBENEFIT, MEMGRADETIER) VALUES (1, 'friend', 0.01, 0);
INSERT INTO OMEMBERSHIP (MEMID, MEMNAME, MEMBENEFIT, MEMGRADETIER) VALUES (2, 'family', 0.02, 150000);
INSERT INTO OMEMBERSHIP (MEMID, MEMNAME, MEMBENEFIT, MEMGRADETIER) VALUES (3, 'crew', 0.03, 400000);

-- Category 데이터
INSERT INTO OCATEGORY (CATID, CATNAME) VALUES (1, N'네일');
INSERT INTO OCATEGORY (CATID, CATNAME) VALUES (2, N'페디');
SET DEFINE OFF;
INSERT INTO OCATEGORY (CATID, CATNAME) VALUES (3, N'케어&툴');

-- Subcategory 데이터
INSERT INTO OSUBCATEGORY (SCATID, SCATNAME) VALUES (1, N'젤스트립');
INSERT INTO OSUBCATEGORY (SCATID, SCATNAME) VALUES (2, N'젤네일팁');

-- Product 데이터 (1~182)
INSERT INTO OPRODUCT (PDTID, CATID, SCATID, PDTNUMBER, PDTNAME, PDTAMOUNT, PDTDISCOUNTRATE, PDTIMGURL, PDTCOUNT, PDTREVIEWCOUNT, PDTSALESCOUNT, PDTADDDATE, PDTVIEWCOUNT) 
VALUES (1, 1, 1, NULL, N'N 젤리 피치 네일', 16800, 20, NULL, 11, 0, 100, todate('01/01/2018', 'MM/DD/RRRR'), 1);

INSERT INTO OPRODUCT (PDTID, CATID, SCATID, PDTNUMBER, PDTNAME, PDTAMOUNT, PDTDISCOUNTRATE, PDTIMGURL, PDTCOUNT, PDTREVIEWCOUNT, PDTSALESCOUNT, PDTADDDATE, PDTVIEWCOUNT) 
VALUES (2, 1, 1, NULL, N'N 마롱 네일', 14800, 20, NULL, 2, 0, 101, todate('01/02/2018', 'MM/DD/RRRR'), 2);

INSERT INTO OPRODUCT (PDTID, CATID, SCATID, PDTNUMBER, PDTNAME, PDTAMOUNT, PDTDISCOUNTRATE, PDTIMGURL, PDTCOUNT, PDTREVIEWCOUNT, PDTSALESCOUNT, PDTADDDATE, PDTVIEWCOUNT) 
VALUES (3, 1, 1, NULL, N'N 썸데이 네일', 14800, 20, NULL, 3, 0, 102, todate('01/03/2018', 'MM/DD/RRRR'), 3);

INSERT INTO OPRODUCT (PDTID, CATID, SCATID, PDTNUMBER, PDTNAME, PDTAMOUNT, PDTDISCOUNTRATE, PDTIMGURL, PDTCOUNT, PDTREVIEWCOUNT, PDTSALESCOUNT, PDTADDDATE, PDTVIEWCOUNT) 
VALUES (4, 1, 1, NULL, N'N 데이라이트 네일', 14800, 20, NULL, 4, 0, 103, todate('01/04/2018', 'MM/DD/RRRR'), 4);

INSERT INTO OPRODUCT (PDTID, CATID, SCATID, PDTNUMBER, PDTNAME, PDTAMOUNT, PDTDISCOUNTRATE, PDTIMGURL, PDTCOUNT, PDTREVIEWCOUNT, PDTSALESCOUNT, PDTADDDATE, PDTVIEWCOUNT) 
VALUES (5, 1, 1, NULL, N'N 베어 업 네일', 16800, NULL, NULL, 5, 0, 104, todate('01/05/2018', 'MM/DD/RRRR'), 5);

INSERT INTO OPRODUCT (PDTID, CATID, SCATID, PDTNUMBER, PDTNAME, PDTAMOUNT, PDTDISCOUNTRATE, PDTIMGURL, PDTCOUNT, PDTREVIEWCOUNT, PDTSALESCOUNT, PDTADDDATE, PDTVIEWCOUNT) 
VALUES (6, 1, 1, NULL, N'N 코지무드 네일', 14800, 40, NULL, 6, 0, 105, todate('01/06/2018', 'MM/DD/RRRR'), 6);

INSERT INTO OPRODUCT (PDTID, CATID, SCATID, PDTNUMBER, PDTNAME, PDTAMOUNT, PDTDISCOUNTRATE, PDTIMGURL, PDTCOUNT, PDTREVIEWCOUNT, PDTSALESCOUNT, PDTADDDATE, PDTVIEWCOUNT) 
VALUES (7, 1, 1, NULL, N'N 애프리콧 네일', 14800, NULL, NULL, 7, 0, 106, todate('01/07/2018', 'MM/DD/RRRR'), 7);

INSERT INTO OPRODUCT (PDTID, CATID, SCATID, PDTNUMBER, PDTNAME, PDTAMOUNT, PDTDISCOUNTRATE, PDTIMGURL, PDTCOUNT, PDTREVIEWCOUNT, PDTSALESCOUNT, PDTADDDATE, PDTVIEWCOUNT) 
VALUES (8, 1, 1, NULL, N'N 나이브 네일', 14800, 40, NULL, 8, 0, 107, todate('01/08/2018', 'MM/DD/RRRR'), 8);

INSERT INTO OPRODUCT (PDTID, CATID, SCATID, PDTNUMBER, PDTNAME, PDTAMOUNT, PDTDISCOUNTRATE, PDTIMGURL, PDTCOUNT, PDTREVIEWCOUNT, PDTSALESCOUNT, PDTADDDATE, PDTVIEWCOUNT) 
VALUES (9, 1, 1, NULL, N'N 어딕트 네일', 12800, NULL, NULL, 9, 0, 108, todate('01/09/2018', 'MM/DD/RRRR'), 9);

INSERT INTO OPRODUCT (PDTID, CATID, SCATID, PDTNUMBER, PDTNAME, PDTAMOUNT, PDTDISCOUNTRATE, PDTIMGURL, PDTCOUNT, PDTREVIEWCOUNT, PDTSALESCOUNT, PDTADDDATE, PDTVIEWCOUNT) 
VALUES (10, 1, 1, NULL, N'N 밀크 로즈 네일', 14800, NULL, NULL, 10, 0, 109, todate('01/10/2018', 'MM/DD/RRRR'), 10);

INSERT INTO OPRODUCT (PDTID, CATID, SCATID, PDTNUMBER, PDTNAME, PDTAMOUNT, PDTDISCOUNTRATE, PDTIMGURL, PDTCOUNT, PDTREVIEWCOUNT, PDTSALESCOUNT, PDTADDDATE, PDTVIEWCOUNT) 
VALUES (11, 1, 1, NULL, N'N 하입 핑크 네일', 14800, NULL, NULL, 0, 0, 110, todate('01/11/2018', 'MM/DD/RRRR'), 11);

INSERT INTO OPRODUCT (PDTID, CATID, SCATID, PDTNUMBER, PDTNAME, PDTAMOUNT, PDTDISCOUNTRATE, PDTIMGURL, PDTCOUNT, PDTREVIEWCOUNT, PDTSALESCOUNT, PDTADDDATE, PDTVIEWCOUNT) 
VALUES (12, 1, 1, NULL, N'N 듀입 플라워 네일', 16800, NULL, NULL, 0, 0, 111, todate('01/12/2018', 'MM/DD/RRRR'), 12);

INSERT INTO OPRODUCT (PDTID, CATID, SCATID, PDTNUMBER, PDTNAME, PDTAMOUNT, PDTDISCOUNTRATE, PDTIMGURL, PDTCOUNT, PDTREVIEWCOUNT, PDTSALESCOUNT, PDTADDDATE, PDTVIEWCOUNT) 
VALUES (13, 1, 1, NULL, N'N 틴트 하이틴 네일', 12800, NULL, NULL, 0, 0, 112, todate('01/13/2018', 'MM/DD/RRRR'), 13);

INSERT INTO OPRODUCT (PDTID, CATID, SCATID, PDTNUMBER, PDTNAME, PDTAMOUNT, PDTDISCOUNTRATE, PDTIMGURL, PDTCOUNT, PDTREVIEWCOUNT, PDTSALESCOUNT, PDTADDDATE, PDTVIEWCOUNT) 
VALUES (14, 1, 1, NULL, N'N 펠리체 네일', 14800, NULL, NULL, 0, 0, 113, todate('01/14/2018', 'MM/DD/RRRR'), 14);

INSERT INTO OPRODUCT (PDTID, CATID, SCATID, PDTNUMBER, PDTNAME, PDTAMOUNT, PDTDISCOUNTRATE, PDTIMGURL, PDTCOUNT, PDTREVIEWCOUNT, PDTSALESCOUNT, PDTADDDATE, PDTVIEWCOUNT) 
VALUES (15, 1, 1, NULL, N'N 크림 핑크 네일', 12800, NULL, NULL, 0, 0, 114, todate('01/15/2018', 'MM/DD/RRRR'), 15);

INSERT INTO OPRODUCT (PDTID, CATID, SCATID, PDTNUMBER, PDTNAME, PDTAMOUNT, PDTDISCOUNTRATE, PDTIMGURL, PDTCOUNT, PDTREVIEWCOUNT, PDTSALESCOUNT, PDTADDDATE, PDTVIEWCOUNT) 
VALUES (16, 1, 1, NULL, N'N 크림 글로우 네일', 12800, NULL, NULL, 0, 0, 115, todate('01/16/2018', 'MM/DD/RRRR'), 16);

INSERT INTO OPRODUCT (PDTID, CATID, SCATID, PDTNUMBER, PDTNAME, PDTAMOUNT, PDTDISCOUNTRATE, PDTIMGURL, PDTCOUNT, PDTREVIEWCOUNT, PDTSALESCOUNT, PDTADDDATE, PDTVIEWCOUNT) 
VALUES (17, 1, 1, NULL, N'N 크림 프리지아 네일', 12800, NULL, NULL, 0, 0, 116, todate('01/17/2018', 'MM/DD/RRRR'), 17);

INSERT INTO OPRODUCT (PDTID, CATID, SCATID, PDTNUMBER, PDTNAME, PDTAMOUNT, PDTDISCOUNTRATE, PDTIMGURL, PDTCOUNT, PDTREVIEWCOUNT, PDTSALESCOUNT, PDTADDDATE, PDTVIEWCOUNT) 
VALUES (18, 1, 1, NULL, N'N 크림 페이퍼 네일', 12800, NULL, NULL, 0, 0, 117, todate('01/18/2018', 'MM/DD/RRRR'), 18);

INSERT INTO OPRODUCT (PDTID, CATID, SCATID, PDTNUMBER, PDTNAME, PDTAMOUNT, PDTDISCOUNTRATE, PDTIMGURL, PDTCOUNT, PDTREVIEWCOUNT, PDTSALESCOUNT, PDTADDDATE, PDTVIEWCOUNT) 
VALUES (19, 1, 1, NULL, N'N 트위드 자켓 네일', 14800, NULL, NULL, 0, 0, 118, todate('01/19/2018', 'MM/DD/RRRR'), 19);

INSERT INTO OPRODUCT (PDTID, CATID, SCATID, PDTNUMBER, PDTNAME, PDTAMOUNT, PDTDISCOUNTRATE, PDTIMGURL, PDTCOUNT, PDTREVIEWCOUNT, PDTSALESCOUNT, PDTADDDATE, PDTVIEWCOUNT) 
VALUES (20, 1, 1, NULL, N'N 크림 인디고 네일', 12800, NULL, NULL, 0, 0, 119, todate('01/20/2018', 'MM/DD/RRRR'), 20);

INSERT INTO OPRODUCT (PDTID, CATID, SCATID, PDTNUMBER, PDTNAME, PDTAMOUNT, PDTDISCOUNTRATE, PDTIMGURL, PDTCOUNT, PDTREVIEWCOUNT, PDTSALESCOUNT, PDTADDDATE, PDTVIEWCOUNT) 
VALUES (21, 1, 1, NULL, N'N 크림 로즈 네일', 12800, NULL, NULL, 0, 0, 120, todate('01/21/2018', 'MM/DD/RRRR'), 21);

INSERT INTO OPRODUCT (PDTID, CATID, SCATID, PDTNUMBER, PDTNAME, PDTAMOUNT, PDTDISCOUNTRATE, PDTIMGURL, PDTCOUNT, PDTREVIEWCOUNT, PDTSALESCOUNT, PDTADDDATE, PDTVIEWCOUNT) 
VALUES (22, 1, 1, NULL, N'N 카멜 네일', 14800, NULL, NULL, 10, 0, 121, todate('01/22/2018', 'MM/DD/RRRR'), 22);

INSERT INTO OPRODUCT (PDTID, CATID, SCATID, PDTNUMBER, PDTNAME, PDTAMOUNT, PDTDISCOUNTRATE, PDTIMGURL, PDTCOUNT, PDTREVIEWCOUNT, PDTSALESCOUNT, PDTADDDATE, PDTVIEWCOUNT) 
VALUES (23, 1, 1, NULL, N'N 클린화이트 네일', 12800, NULL, NULL, 11, 0, 122, todate('01/23/2018', 'MM/DD/RRRR'), 23);

INSERT INTO OPRODUCT (PDTID, CATID, SCATID, PDTNUMBER, PDTNAME, PDTAMOUNT, PDTDISCOUNTRATE, PDTIMGURL, PDTCOUNT, PDTREVIEWCOUNT, PDTSALESCOUNT, PDTADDDATE, PDTVIEWCOUNT) 
VALUES (24, 1, 1, NULL, N'N 글로시에스트 네일', 14800, NULL, NULL, 12, 0, 123, todate('01/24/2018', 'MM/DD/RRRR'), 24);

INSERT INTO OPRODUCT (PDTID, CATID, SCATID, PDTNUMBER, PDTNAME, PDTAMOUNT, PDTDISCOUNTRATE, PDTIMGURL, PDTCOUNT, PDTREVIEWCOUNT, PDTSALESCOUNT, PDTADDDATE, PDTVIEWCOUNT) 
VALUES (25, 1, 1, NULL, N'N 젤리팝 네일', 16800, NULL, NULL, 13, 0, 124, todate('01/25/2018', 'MM/DD/RRRR'), 25);

INSERT INTO OPRODUCT (PDTID, CATID, SCATID, PDTNUMBER, PDTNAME, PDTAMOUNT, PDTDISCOUNTRATE, PDTIMGURL, PDTCOUNT, PDTREVIEWCOUNT, PDTSALESCOUNT, PDTADDDATE, PDTVIEWCOUNT) 
VALUES (26, 1, 1, NULL, N'N 틴트 팝 네일', 12800, 62, NULL, 14, 0, 125, todate('01/26/2018', 'MM/DD/RRRR'), 26);

INSERT INTO OPRODUCT (PDTID, CATID, SCATID, PDTNUMBER, PDTNAME, PDTAMOUNT, PDTDISCOUNTRATE, PDTIMGURL, PDTCOUNT, PDTREVIEWCOUNT, PDTSALESCOUNT, PDTADDDATE, PDTVIEWCOUNT) 
VALUES (27, 1, 1, NULL, N'N 틴트 에어 네일', 12800, 54, NULL, 15, 0, 126, todate('01/27/2018', 'MM/DD/RRRR'), 27);

INSERT INTO OPRODUCT (PDTID, CATID, SCATID, PDTNUMBER, PDTNAME, PDTAMOUNT, PDTDISCOUNTRATE, PDTIMGURL, PDTCOUNT, PDTREVIEWCOUNT, PDTSALESCOUNT, PDTADDDATE, PDTVIEWCOUNT) 
VALUES (28, 1, 1, NULL, N'N 틴트 쿠퍼 네일', 12800, 54, NULL, 16, 0, 127, todate('01/28/2018', 'MM/DD/RRRR'), 28);

INSERT INTO OPRODUCT (PDTID, CATID, SCATID, PDTNUMBER, PDTNAME, PDTAMOUNT, PDTDISCOUNTRATE, PDTIMGURL, PDTCOUNT, PDTREVIEWCOUNT, PDTSALESCOUNT, PDTADDDATE, PDTVIEWCOUNT) 
VALUES (29, 1, 1, NULL, N'N 틴트 트리 네일', 12800, 62, NULL, 17, 0, 128, todate('01/29/2018', 'MM/DD/RRRR'), 29);

INSERT INTO OPRODUCT (PDTID, CATID, SCATID, PDTNUMBER, PDTNAME, PDTAMOUNT, PDTDISCOUNTRATE, PDTIMGURL, PDTCOUNT, PDTREVIEWCOUNT, PDTSALESCOUNT, PDTADDDATE, PDTVIEWCOUNT) 
VALUES (30, 1, 1, NULL, N'N 도깨비 달 네일', 14800, NULL, NULL, 18, 0, 129, todate('01/30/2018', 'MM/DD/RRRR'), 30);

INSERT INTO OPRODUCT (PDTID, CATID, SCATID, PDTNUMBER, PDTNAME, PDTAMOUNT, PDTDISCOUNTRATE, PDTIMGURL, PDTCOUNT, PDTREVIEWCOUNT, PDTSALESCOUNT, PDTADDDATE, PDTVIEWCOUNT) 
VALUES (31, 1, 1, NULL, N'N 펄 드 코코 네일', 17800, NULL, NULL, 19, 0, 130, todate('01/31/2018', 'MM/DD/RRRR'), 31);

INSERT INTO OPRODUCT (PDTID, CATID, SCATID, PDTNUMBER, PDTNAME, PDTAMOUNT, PDTDISCOUNTRATE, PDTIMGURL, PDTCOUNT, PDTREVIEWCOUNT, PDTSALESCOUNT, PDTADDDATE, PDTVIEWCOUNT) 
VALUES (32, 1, 1, NULL, N'N 비밀 정원 네일', 14800, NULL, NULL, 20, 0, 131, todate('02/01/2018', 'MM/DD/RRRR'), 32);

INSERT INTO OPRODUCT (PDTID, CATID, SCATID, PDTNUMBER, PDTNAME, PDTAMOUNT, PDTDISCOUNTRATE, PDTIMGURL, PDTCOUNT, PDTREVIEWCOUNT, PDTSALESCOUNT, PDTADDDATE, PDTVIEWCOUNT) 
VALUES (33, 1, 1, NULL, N'N 그라디언트 네일', 14800, NULL, NULL, 21, 0, 132, todate('02/02/2018', 'MM/DD/RRRR'), 33);

INSERT INTO OPRODUCT (PDTID, CATID, SCATID, PDTNUMBER, PDTNAME, PDTAMOUNT, PDTDISCOUNTRATE, PDTIMGURL, PDTCOUNT, PDTREVIEWCOUNT, PDTSALESCOUNT, PDTADDDATE, PDTVIEWCOUNT) 
VALUES (34, 1, 1, NULL, N'N 곰돌이 캬라멜 네일', 16800, NULL, NULL, 0, 0, 133, todate('02/03/2018', 'MM/DD/RRRR'), 34);

INSERT INTO OPRODUCT (PDTID, CATID, SCATID, PDTNUMBER, PDTNAME, PDTAMOUNT, PDTDISCOUNTRATE, PDTIMGURL, PDTCOUNT, PDTREVIEWCOUNT, PDTSALESCOUNT, PDTADDDATE, PDTVIEWCOUNT) 
VALUES (35, 1, 1, NULL, N'N 코코 트위드 네일', 17800, NULL, NULL, 0, 0, 134, todate('02/04/2018', 'MM/DD/RRRR'), 35);

INSERT INTO OPRODUCT (PDTID, CATID, SCATID, PDTNUMBER, PDTNAME, PDTAMOUNT, PDTDISCOUNTRATE, PDTIMGURL, PDTCOUNT, PDTREVIEWCOUNT, PDTSALESCOUNT, PDTADDDATE, PDTVIEWCOUNT) 
VALUES (36, 1, 1, NULL, N'N 베이직네일 11호', 12800, NULL, NULL, 30, 0, 135, todate('02/05/2018', 'MM/DD/RRRR'), 36);

INSERT INTO OPRODUCT (PDTID, CATID, SCATID, PDTNUMBER, PDTNAME, PDTAMOUNT, PDTDISCOUNTRATE, PDTIMGURL, PDTCOUNT, PDTREVIEWCOUNT, PDTSALESCOUNT, PDTADDDATE, PDTVIEWCOUNT) 
VALUES (37, 1, 1, NULL, N'N 틴트 오렌지 네일', 12800, 62, NULL, 31, 0, 136, todate('02/06/2018', 'MM/DD/RRRR'), 37);

INSERT INTO OPRODUCT (PDTID, CATID, SCATID, PDTNUMBER, PDTNAME, PDTAMOUNT, PDTDISCOUNTRATE, PDTIMGURL, PDTCOUNT, PDTREVIEWCOUNT, PDTSALESCOUNT, PDTADDDATE, PDTVIEWCOUNT) 
VALUES (38, 1, 1, NULL, N'N 누디 로지 네일', 14800, NULL, NULL, 32, 0, 0, todate('02/07/2018', 'MM/DD/RRRR'), 38);

INSERT INTO OPRODUCT (PDTID, CATID, SCATID, PDTNUMBER, PDTNAME, PDTAMOUNT, PDTDISCOUNTRATE, PDTIMGURL, PDTCOUNT, PDTREVIEWCOUNT, PDTSALESCOUNT, PDTADDDATE, PDTVIEWCOUNT) 
VALUES (39, 1, 1, NULL, N'N 베일 네일', 14800, NULL, NULL, 33, 0, 0, todate('02/08/2018', 'MM/DD/RRRR'), 39);

INSERT INTO OPRODUCT (PDTID, CATID, SCATID, PDTNUMBER, PDTNAME, PDTAMOUNT, PDTDISCOUNTRATE, PDTIMGURL, PDTCOUNT, PDTREVIEWCOUNT, PDTSALESCOUNT, PDTADDDATE, PDTVIEWCOUNT) 
VALUES (40, 1, 1, NULL, N'N 틴트 풀 네일', 12800, 62, NULL, 34, 0, 0, todate('02/09/2018', 'MM/DD/RRRR'), 40);

INSERT INTO OPRODUCT (PDTID, CATID, SCATID, PDTNUMBER, PDTNAME, PDTAMOUNT, PDTDISCOUNTRATE, PDTIMGURL, PDTCOUNT, PDTREVIEWCOUNT, PDTSALESCOUNT, PDTADDDATE, PDTVIEWCOUNT) 
VALUES (41, 1, 1, NULL, N'N 럭키 판다 네일', 16800, 20, NULL, 35, 0, 0, todate('02/10/2018', 'MM/DD/RRRR'), 41);

INSERT INTO OPRODUCT (PDTID, CATID, SCATID, PDTNUMBER, PDTNAME, PDTAMOUNT, PDTDISCOUNTRATE, PDTIMGURL, PDTCOUNT, PDTREVIEWCOUNT, PDTSALESCOUNT, PDTADDDATE, PDTVIEWCOUNT) 
VALUES (42, 1, 1, NULL, N'N 리즈 네일', 14800, NULL, NULL, 36, 0, 0, todate('02/11/2018', 'MM/DD/RRRR'), 42);

INSERT INTO OPRODUCT (PDTID, CATID, SCATID, PDTNUMBER, PDTNAME, PDTAMOUNT, PDTDISCOUNTRATE, PDTIMGURL, PDTCOUNT, PDTREVIEWCOUNT, PDTSALESCOUNT, PDTADDDATE, PDTVIEWCOUNT) 
VALUES (43, 1, 1, NULL, N'N 티타임 네임', 14800, 30, NULL, 37, 0, 0, todate('02/12/2018', 'MM/DD/RRRR'), 43);

INSERT INTO OPRODUCT (PDTID, CATID, SCATID, PDTNUMBER, PDTNAME, PDTAMOUNT, PDTDISCOUNTRATE, PDTIMGURL, PDTCOUNT, PDTREVIEWCOUNT, PDTSALESCOUNT, PDTADDDATE, PDTVIEWCOUNT) 
VALUES (44, 1, 1, NULL, N'N 플라워 파워 네일', 14800, NULL, NULL, 38, 0, 0, todate('02/13/2018', 'MM/DD/RRRR'), 44);

INSERT INTO OPRODUCT (PDTID, CATID, SCATID, PDTNUMBER, PDTNAME, PDTAMOUNT, PDTDISCOUNTRATE, PDTIMGURL, PDTCOUNT, PDTREVIEWCOUNT, PDTSALESCOUNT, PDTADDDATE, PDTVIEWCOUNT) 
VALUES (45, 1, 1, NULL, N'N 쿠키 네일', 14800, NULL, NULL, 39, 0, 0, todate('02/14/2018', 'MM/DD/RRRR'), 45);

INSERT INTO OPRODUCT (PDTID, CATID, SCATID, PDTNUMBER, PDTNAME, PDTAMOUNT, PDTDISCOUNTRATE, PDTIMGURL, PDTCOUNT, PDTREVIEWCOUNT, PDTSALESCOUNT, PDTADDDATE, PDTVIEWCOUNT) 
VALUES (46, 1, 1, NULL, N'N 솔라 네일', 15800, NULL, NULL, 40, 0, 0, todate('02/15/2018', 'MM/DD/RRRR'), 46);

INSERT INTO OPRODUCT (PDTID, CATID, SCATID, PDTNUMBER, PDTNAME, PDTAMOUNT, PDTDISCOUNTRATE, PDTIMGURL, PDTCOUNT, PDTREVIEWCOUNT, PDTSALESCOUNT, PDTADDDATE, PDTVIEWCOUNT) 
VALUES (47, 1, 1, NULL, N'N 스윗 홍매 네일', 15800, NULL, NULL, 41, 0, 0, todate('02/16/2018', 'MM/DD/RRRR'), 47);

INSERT INTO OPRODUCT (PDTID, CATID, SCATID, PDTNUMBER, PDTNAME, PDTAMOUNT, PDTDISCOUNTRATE, PDTIMGURL, PDTCOUNT, PDTREVIEWCOUNT, PDTSALESCOUNT, PDTADDDATE, PDTVIEWCOUNT) 
VALUES (48, 1, 1, NULL, N'N 튤립 봉봉 네일', 14800, NULL, NULL, 42, 0, 0, todate('02/17/2018', 'MM/DD/RRRR'), 48);

INSERT INTO OPRODUCT (PDTID, CATID, SCATID, PDTNUMBER, PDTNAME, PDTAMOUNT, PDTDISCOUNTRATE, PDTIMGURL, PDTCOUNT, PDTREVIEWCOUNT, PDTSALESCOUNT, PDTADDDATE, PDTVIEWCOUNT) 
VALUES (49, 1, 1, NULL, N'N 메리메리 네일', 14800, NULL, NULL, 43, 0, 0, todate('02/18/2018', 'MM/DD/RRRR'), 49);

INSERT INTO OPRODUCT (PDTID, CATID, SCATID, PDTNUMBER, PDTNAME, PDTAMOUNT, PDTDISCOUNTRATE, PDTIMGURL, PDTCOUNT, PDTREVIEWCOUNT, PDTSALESCOUNT, PDTADDDATE, PDTVIEWCOUNT) 
VALUES (50, 1, 1, NULL, N'N 위빙 네일', 14800, NULL, NULL, 44, 0, 0, todate('02/19/2018', 'MM/DD/RRRR'), 50);

INSERT INTO OPRODUCT (PDTID, CATID, SCATID, PDTNUMBER, PDTNAME, PDTAMOUNT, PDTDISCOUNTRATE, PDTIMGURL, PDTCOUNT, PDTREVIEWCOUNT, PDTSALESCOUNT, PDTADDDATE, PDTVIEWCOUNT) 
VALUES (51, 1, 1, NULL, N'N 하울링 네일', 14800, NULL, NULL, 45, 0, 0, todate('02/20/2018', 'MM/DD/RRRR'), 51);

INSERT INTO OPRODUCT (PDTID, CATID, SCATID, PDTNUMBER, PDTNAME, PDTAMOUNT, PDTDISCOUNTRATE, PDTIMGURL, PDTCOUNT, PDTREVIEWCOUNT, PDTSALESCOUNT, PDTADDDATE, PDTVIEWCOUNT) 
VALUES (52, 1, 1, NULL, N'N 산수화 네일', 14800, 40, NULL, 46, 0, 0, todate('02/21/2018', 'MM/DD/RRRR'), 52);

INSERT INTO OPRODUCT (PDTID, CATID, SCATID, PDTNUMBER, PDTNAME, PDTAMOUNT, PDTDISCOUNTRATE, PDTIMGURL, PDTCOUNT, PDTREVIEWCOUNT, PDTSALESCOUNT, PDTADDDATE, PDTVIEWCOUNT) 
VALUES (53, 1, 1, NULL, N'N 레이지선데이 네일', 14800, NULL, NULL, 47, 0, 0, todate('02/22/2018', 'MM/DD/RRRR'), 53);

INSERT INTO OPRODUCT (PDTID, CATID, SCATID, PDTNUMBER, PDTNAME, PDTAMOUNT, PDTDISCOUNTRATE, PDTIMGURL, PDTCOUNT, PDTREVIEWCOUNT, PDTSALESCOUNT, PDTADDDATE, PDTVIEWCOUNT) 
VALUES (54, 1, 1, NULL, N'N 타이다이 네일', 14800, 40, NULL, 48, 0, 0, todate('02/23/2018', 'MM/DD/RRRR'), 54);

INSERT INTO OPRODUCT (PDTID, CATID, SCATID, PDTNUMBER, PDTNAME, PDTAMOUNT, PDTDISCOUNTRATE, PDTIMGURL, PDTCOUNT, PDTREVIEWCOUNT, PDTSALESCOUNT, PDTADDDATE, PDTVIEWCOUNT) 
VALUES (55, 1, 1, NULL, N'N 코랄 선셋 네일', 16800, NULL, NULL, 49, 0, 0, todate('02/24/2018', 'MM/DD/RRRR'), 55);

INSERT INTO OPRODUCT (PDTID, CATID, SCATID, PDTNUMBER, PDTNAME, PDTAMOUNT, PDTDISCOUNTRATE, PDTIMGURL, PDTCOUNT, PDTREVIEWCOUNT, PDTSALESCOUNT, PDTADDDATE, PDTVIEWCOUNT) 
VALUES (56, 1, 1, NULL, N'N 아인슈페너 네일', 14800, 40, NULL, 50, 0, 0, todate('02/25/2018', 'MM/DD/RRRR'), 56);

INSERT INTO OPRODUCT (PDTID, CATID, SCATID, PDTNUMBER, PDTNAME, PDTAMOUNT, PDTDISCOUNTRATE, PDTIMGURL, PDTCOUNT, PDTREVIEWCOUNT, PDTSALESCOUNT, PDTADDDATE, PDTVIEWCOUNT) 
VALUES (57, 1, 1, NULL, N'N 드리밍 네일', 14800, 40, NULL, 51, 0, 0, todate('02/26/2018', 'MM/DD/RRRR'), 57);

INSERT INTO OPRODUCT (PDTID, CATID, SCATID, PDTNUMBER, PDTNAME, PDTAMOUNT, PDTDISCOUNTRATE, PDTIMGURL, PDTCOUNT, PDTREVIEWCOUNT, PDTSALESCOUNT, PDTADDDATE, PDTVIEWCOUNT) 
VALUES (58, 1, 1, NULL, N'N 클로로필 네일', 14800, 30, NULL, 52, 0, 0, todate('02/27/2018', 'MM/DD/RRRR'), 58);

INSERT INTO OPRODUCT (PDTID, CATID, SCATID, PDTNUMBER, PDTNAME, PDTAMOUNT, PDTDISCOUNTRATE, PDTIMGURL, PDTCOUNT, PDTREVIEWCOUNT, PDTSALESCOUNT, PDTADDDATE, PDTVIEWCOUNT) 
VALUES (59, 1, 1, NULL, N'N 로드 트입 네일', 14800, 40, NULL, 53, 0, 101, todate('02/28/2018', 'MM/DD/RRRR'), 59);

INSERT INTO OPRODUCT (PDTID, CATID, SCATID, PDTNUMBER, PDTNAME, PDTAMOUNT, PDTDISCOUNTRATE, PDTIMGURL, PDTCOUNT, PDTREVIEWCOUNT, PDTSALESCOUNT, PDTADDDATE, PDTVIEWCOUNT) 
VALUES (60, 1, 1, NULL, N'N 실키 마블 네일', 14800, NULL, NULL, 54, 0, 101, todate('03/01/2018', 'MM/DD/RRRR'), 60);

INSERT INTO OPRODUCT (PDTID, CATID, SCATID, PDTNUMBER, PDTNAME, PDTAMOUNT, PDTDISCOUNTRATE, PDTIMGURL, PDTCOUNT, PDTREVIEWCOUNT, PDTSALESCOUNT, PDTADDDATE, PDTVIEWCOUNT) 
VALUES (61, 1, 1, NULL, N'N 브라운 슈가 네일', 14800, NULL, NULL, 55, 0, 101, todate('03/02/2018', 'MM/DD/RRRR'), 61);

INSERT INTO OPRODUCT (PDTID, CATID, SCATID, PDTNUMBER, PDTNAME, PDTAMOUNT, PDTDISCOUNTRATE, PDTIMGURL, PDTCOUNT, PDTREVIEWCOUNT, PDTSALESCOUNT, PDTADDDATE, PDTVIEWCOUNT) 
VALUES (62, 1, 1, NULL, N'N 메모리 네일', 14800, NULL, NULL, 56, 0, 101, todate('03/03/2018', 'MM/DD/RRRR'), 62);

INSERT INTO OPRODUCT (PDTID, CATID, SCATID, PDTNUMBER, PDTNAME, PDTAMOUNT, PDTDISCOUNTRATE, PDTIMGURL, PDTCOUNT, PDTREVIEWCOUNT, PDTSALESCOUNT, PDTADDDATE, PDTVIEWCOUNT) 
VALUES (63, 1, 1, NULL, N'N 멀베리 네일', 14800, NULL, NULL, 57, 0, 101, todate('03/04/2018', 'MM/DD/RRRR'), 63);

INSERT INTO OPRODUCT (PDTID, CATID, SCATID, PDTNUMBER, PDTNAME, PDTAMOUNT, PDTDISCOUNTRATE, PDTIMGURL, PDTCOUNT, PDTREVIEWCOUNT, PDTSALESCOUNT, PDTADDDATE, PDTVIEWCOUNT) 
VALUES (64, 1, 1, NULL, N'N 브리징 데이 네일', 16800, NULL, NULL, 58, 0, 101, todate('03/05/2018', 'MM/DD/RRRR'), 64);

INSERT INTO OPRODUCT (PDTID, CATID, SCATID, PDTNUMBER, PDTNAME, PDTAMOUNT, PDTDISCOUNTRATE, PDTIMGURL, PDTCOUNT, PDTREVIEWCOUNT, PDTSALESCOUNT, PDTADDDATE, PDTVIEWCOUNT) 
VALUES (65, 1, 1, NULL, N'N 소르베 네일', 14800, NULL, NULL, 59, 0, 101, todate('03/06/2018', 'MM/DD/RRRR'), 65);

INSERT INTO OPRODUCT (PDTID, CATID, SCATID, PDTNUMBER, PDTNAME, PDTAMOUNT, PDTDISCOUNTRATE, PDTIMGURL, PDTCOUNT, PDTREVIEWCOUNT, PDTSALESCOUNT, PDTADDDATE, PDTVIEWCOUNT) 
VALUES (66, 1, 1, NULL, N'N 브릴리언트 네일', 14800, NULL, NULL, 60, 0, 101, todate('03/07/2018', 'MM/DD/RRRR'), 66);

INSERT INTO OPRODUCT (PDTID, CATID, SCATID, PDTNUMBER, PDTNAME, PDTAMOUNT, PDTDISCOUNTRATE, PDTIMGURL, PDTCOUNT, PDTREVIEWCOUNT, PDTSALESCOUNT, PDTADDDATE, PDTVIEWCOUNT) 
VALUES (67, 1, 1, NULL, N'N 로즈 다이아 네일', 14800, NULL, NULL, 61, 0, 101, todate('03/08/2018', 'MM/DD/RRRR'), 67);

INSERT INTO OPRODUCT (PDTID, CATID, SCATID, PDTNUMBER, PDTNAME, PDTAMOUNT, PDTDISCOUNTRATE, PDTIMGURL, PDTCOUNT, PDTREVIEWCOUNT, PDTSALESCOUNT, PDTADDDATE, PDTVIEWCOUNT) 
VALUES (68, 1, 1, NULL, N'N 포트리 네일', 14800, NULL, NULL, 62, 0, 101, todate('03/09/2018', 'MM/DD/RRRR'), 68);

INSERT INTO OPRODUCT (PDTID, CATID, SCATID, PDTNUMBER, PDTNAME, PDTAMOUNT, PDTDISCOUNTRATE, PDTIMGURL, PDTCOUNT, PDTREVIEWCOUNT, PDTSALESCOUNT, PDTADDDATE, PDTVIEWCOUNT) 
VALUES (69, 1, 1, NULL, N'N 버터스카치 네일', 14800, NULL, NULL, 63, 0, 101, todate('03/10/2018', 'MM/DD/RRRR'), 69);

INSERT INTO OPRODUCT (PDTID, CATID, SCATID, PDTNUMBER, PDTNAME, PDTAMOUNT, PDTDISCOUNTRATE, PDTIMGURL, PDTCOUNT, PDTREVIEWCOUNT, PDTSALESCOUNT, PDTADDDATE, PDTVIEWCOUNT) 
VALUES (70, 1, 1, NULL, N'N 애프터글로우 네일', 14800, NULL, NULL, 64, 0, 101, todate('03/11/2018', 'MM/DD/RRRR'), 70);

INSERT INTO OPRODUCT (PDTID, CATID, SCATID, PDTNUMBER, PDTNAME, PDTAMOUNT, PDTDISCOUNTRATE, PDTIMGURL, PDTCOUNT, PDTREVIEWCOUNT, PDTSALESCOUNT, PDTADDDATE, PDTVIEWCOUNT) 
VALUES (71, 1, 1, NULL, N'N 애플 사이다 네일', 14800, NULL, NULL, 0, 0, 201, todate('03/12/2018', 'MM/DD/RRRR'), 71);

INSERT INTO OPRODUCT (PDTID, CATID, SCATID, PDTNUMBER, PDTNAME, PDTAMOUNT, PDTDISCOUNTRATE, PDTIMGURL, PDTCOUNT, PDTREVIEWCOUNT, PDTSALESCOUNT, PDTADDDATE, PDTVIEWCOUNT) 
VALUES (72, 1, 1, NULL, N'N 클린화이트 네일', 12800, NULL, NULL, 40, 0, 203, todate('03/13/2018', 'MM/DD/RRRR'), 72);

INSERT INTO OPRODUCT (PDTID, CATID, SCATID, PDTNUMBER, PDTNAME, PDTAMOUNT, PDTDISCOUNTRATE, PDTIMGURL, PDTCOUNT, PDTREVIEWCOUNT, PDTSALESCOUNT, PDTADDDATE, PDTVIEWCOUNT) 
VALUES (73, 1, 1, NULL, N'N 오닉스 네일', 12800, NULL, NULL, 41, 0, 205, todate('03/14/2018', 'MM/DD/RRRR'), 73);

INSERT INTO OPRODUCT (PDTID, CATID, SCATID, PDTNUMBER, PDTNAME, PDTAMOUNT, PDTDISCOUNTRATE, PDTIMGURL, PDTCOUNT, PDTREVIEWCOUNT, PDTSALESCOUNT, PDTADDDATE, PDTVIEWCOUNT) 
VALUES (74, 1, 1, NULL, N'N 실프 네일', 14800, NULL, NULL, 42, 0, 207, todate('03/15/2018', 'MM/DD/RRRR'), 74);

INSERT INTO OPRODUCT (PDTID, CATID, SCATID, PDTNUMBER, PDTNAME, PDTAMOUNT, PDTDISCOUNTRATE, PDTIMGURL, PDTCOUNT, PDTREVIEWCOUNT, PDTSALESCOUNT, PDTADDDATE, PDTVIEWCOUNT) 
VALUES (75, 1, 1, NULL, N'N 틴트 블랙 네일', 12800, 30, NULL, 0, 0, 209, todate('03/16/2018', 'MM/DD/RRRR'), 75);

INSERT INTO OPRODUCT (PDTID, CATID, SCATID, PDTNUMBER, PDTNAME, PDTAMOUNT, PDTDISCOUNTRATE, PDTIMGURL, PDTCOUNT, PDTREVIEWCOUNT, PDTSALESCOUNT, PDTADDDATE, PDTVIEWCOUNT) 
VALUES (76, 1, 1, NULL, N'N 퀸 네일', 16800, NULL, NULL, 0, 0, 211, todate('03/17/2018', 'MM/DD/RRRR'), 76);

INSERT INTO OPRODUCT (PDTID, CATID, SCATID, PDTNUMBER, PDTNAME, PDTAMOUNT, PDTDISCOUNTRATE, PDTIMGURL, PDTCOUNT, PDTREVIEWCOUNT, PDTSALESCOUNT, PDTADDDATE, PDTVIEWCOUNT) 
VALUES (77, 1, 1, NULL, N'N 슈가 프렌치 네일', 14800, NULL, NULL, 43, 0, 213, todate('03/18/2018', 'MM/DD/RRRR'), 77);

INSERT INTO OPRODUCT (PDTID, CATID, SCATID, PDTNUMBER, PDTNAME, PDTAMOUNT, PDTDISCOUNTRATE, PDTIMGURL, PDTCOUNT, PDTREVIEWCOUNT, PDTSALESCOUNT, PDTADDDATE, PDTVIEWCOUNT) 
VALUES (78, 1, 1, NULL, N'N 틴트 드롭 네일', 14800, NULL, NULL, 44, 0, 215, todate('03/19/2018', 'MM/DD/RRRR'), 78);

INSERT INTO OPRODUCT (PDTID, CATID, SCATID, PDTNUMBER, PDTNAME, PDTAMOUNT, PDTDISCOUNTRATE, PDTIMGURL, PDTCOUNT, PDTREVIEWCOUNT, PDTSALESCOUNT, PDTADDDATE, PDTVIEWCOUNT) 
VALUES (79, 1, 1, NULL, N'N 샹들리에 네일', 14800, NULL, NULL, 45, 0, 217, todate('03/20/2018', 'MM/DD/RRRR'), 79);

INSERT INTO OPRODUCT (PDTID, CATID, SCATID, PDTNUMBER, PDTNAME, PDTAMOUNT, PDTDISCOUNTRATE, PDTIMGURL, PDTCOUNT, PDTREVIEWCOUNT, PDTSALESCOUNT, PDTADDDATE, PDTVIEWCOUNT) 
VALUES (80, 1, 1, NULL, N'N 주근깨 네일', 17800, NULL, NULL, 46, 0, 219, todate('03/21/2018', 'MM/DD/RRRR'), 80);

INSERT INTO OPRODUCT (PDTID, CATID, SCATID, PDTNUMBER, PDTNAME, PDTAMOUNT, PDTDISCOUNTRATE, PDTIMGURL, PDTCOUNT, PDTREVIEWCOUNT, PDTSALESCOUNT, PDTADDDATE, PDTVIEWCOUNT) 
VALUES (81, 1, 1, NULL, N'N 헤이미쉬 네일', 14800, NULL, NULL, 47, 0, 221, todate('03/22/2018', 'MM/DD/RRRR'), 81);

INSERT INTO OPRODUCT (PDTID, CATID, SCATID, PDTNUMBER, PDTNAME, PDTAMOUNT, PDTDISCOUNTRATE, PDTIMGURL, PDTCOUNT, PDTREVIEWCOUNT, PDTSALESCOUNT, PDTADDDATE, PDTVIEWCOUNT) 
VALUES (82, 1, 1, NULL, N'N 뮬리 네일', 16800, 40, NULL, 0, 0, 223, todate('03/23/2018', 'MM/DD/RRRR'), 82);

INSERT INTO OPRODUCT (PDTID, CATID, SCATID, PDTNUMBER, PDTNAME, PDTAMOUNT, PDTDISCOUNTRATE, PDTIMGURL, PDTCOUNT, PDTREVIEWCOUNT, PDTSALESCOUNT, PDTADDDATE, PDTVIEWCOUNT) 
VALUES (83, 1, 1, NULL, N'N 헬로 선라이즈 네일', 14800, NULL, NULL, 48, 0, 225, todate('03/24/2018', 'MM/DD/RRRR'), 83);

INSERT INTO OPRODUCT (PDTID, CATID, SCATID, PDTNUMBER, PDTNAME, PDTAMOUNT, PDTDISCOUNTRATE, PDTIMGURL, PDTCOUNT, PDTREVIEWCOUNT, PDTSALESCOUNT, PDTADDDATE, PDTVIEWCOUNT) 
VALUES (84, 1, 1, NULL, N'N 슬리버 네일', 14800, NULL, NULL, 49, 0, 227, todate('03/25/2018', 'MM/DD/RRRR'), 84);

INSERT INTO OPRODUCT (PDTID, CATID, SCATID, PDTNUMBER, PDTNAME, PDTAMOUNT, PDTDISCOUNTRATE, PDTIMGURL, PDTCOUNT, PDTREVIEWCOUNT, PDTSALESCOUNT, PDTADDDATE, PDTVIEWCOUNT) 
VALUES (85, 1, 1, NULL, N'N 블랙 버니 네일', 16800, NULL, NULL, 0, 0, 229, todate('03/26/2018', 'MM/DD/RRRR'), 85);

INSERT INTO OPRODUCT (PDTID, CATID, SCATID, PDTNUMBER, PDTNAME, PDTAMOUNT, PDTDISCOUNTRATE, PDTIMGURL, PDTCOUNT, PDTREVIEWCOUNT, PDTSALESCOUNT, PDTADDDATE, PDTVIEWCOUNT) 
VALUES (86, 1, 1, NULL, N'N 토피넛 라떼 네일', 14800, 40, NULL, 50, 0, 231, todate('03/27/2018', 'MM/DD/RRRR'), 86);

INSERT INTO OPRODUCT (PDTID, CATID, SCATID, PDTNUMBER, PDTNAME, PDTAMOUNT, PDTDISCOUNTRATE, PDTIMGURL, PDTCOUNT, PDTREVIEWCOUNT, PDTSALESCOUNT, PDTADDDATE, PDTVIEWCOUNT) 
VALUES (87, 1, 1, NULL, N'N 뉴트로 네일 1호', 14800, NULL, NULL, 51, 0, 233, todate('03/28/2018', 'MM/DD/RRRR'), 87);

INSERT INTO OPRODUCT (PDTID, CATID, SCATID, PDTNUMBER, PDTNAME, PDTAMOUNT, PDTDISCOUNTRATE, PDTIMGURL, PDTCOUNT, PDTREVIEWCOUNT, PDTSALESCOUNT, PDTADDDATE, PDTVIEWCOUNT) 
VALUES (88, 1, 1, NULL, N'N 네온 빔 네일', 14800, NULL, NULL, 52, 0, 235, todate('03/29/2018', 'MM/DD/RRRR'), 88);

INSERT INTO OPRODUCT (PDTID, CATID, SCATID, PDTNUMBER, PDTNAME, PDTAMOUNT, PDTDISCOUNTRATE, PDTIMGURL, PDTCOUNT, PDTREVIEWCOUNT, PDTSALESCOUNT, PDTADDDATE, PDTVIEWCOUNT) 
VALUES (89, 1, 1, NULL, N'N 엠버서더 네일', 14800, NULL, NULL, 53, 0, 237, todate('03/30/2018', 'MM/DD/RRRR'), 89);

INSERT INTO OPRODUCT (PDTID, CATID, SCATID, PDTNUMBER, PDTNAME, PDTAMOUNT, PDTDISCOUNTRATE, PDTIMGURL, PDTCOUNT, PDTREVIEWCOUNT, PDTSALESCOUNT, PDTADDDATE, PDTVIEWCOUNT) 
VALUES (90, 1, 1, NULL, N'N 버터 스카치 네일', 14800, NULL, NULL, 54, 0, 239, todate('03/31/2018', 'MM/DD/RRRR'), 90);

INSERT INTO OPRODUCT (PDTID, CATID, SCATID, PDTNUMBER, PDTNAME, PDTAMOUNT, PDTDISCOUNTRATE, PDTIMGURL, PDTCOUNT, PDTREVIEWCOUNT, PDTSALESCOUNT, PDTADDDATE, PDTVIEWCOUNT) 
VALUES (91, 1, 1, NULL, N'N 젤리빈 네일', 14800, NULL, NULL, 55, 0, 204, todate('04/01/2018', 'MM/DD/RRRR'), 91);

INSERT INTO OPRODUCT (PDTID, CATID, SCATID, PDTNUMBER, PDTNAME, PDTAMOUNT, PDTDISCOUNTRATE, PDTIMGURL, PDTCOUNT, PDTREVIEWCOUNT, PDTSALESCOUNT, PDTADDDATE, PDTVIEWCOUNT) 
VALUES (92, 1, 1, NULL, N'N 코지 네일', 14800, NULL, NULL, 56, 0, 205, todate('04/02/2018', 'MM/DD/RRRR'), 92);

INSERT INTO OPRODUCT (PDTID, CATID, SCATID, PDTNUMBER, PDTNAME, PDTAMOUNT, PDTDISCOUNTRATE, PDTIMGURL, PDTCOUNT, PDTREVIEWCOUNT, PDTSALESCOUNT, PDTADDDATE, PDTVIEWCOUNT) 
VALUES (93, 1, 1, NULL, N'N 텐저린 네일', 15800, NULL, NULL, 57, 0, 206, todate('04/03/2018', 'MM/DD/RRRR'), 93);

INSERT INTO OPRODUCT (PDTID, CATID, SCATID, PDTNUMBER, PDTNAME, PDTAMOUNT, PDTDISCOUNTRATE, PDTIMGURL, PDTCOUNT, PDTREVIEWCOUNT, PDTSALESCOUNT, PDTADDDATE, PDTVIEWCOUNT) 
VALUES (94, 1, 1, NULL, N'N 디어 산타 네일', 14800, NULL, NULL, 58, 0, 207, todate('04/04/2018', 'MM/DD/RRRR'), 94);

INSERT INTO OPRODUCT (PDTID, CATID, SCATID, PDTNUMBER, PDTNAME, PDTAMOUNT, PDTDISCOUNTRATE, PDTIMGURL, PDTCOUNT, PDTREVIEWCOUNT, PDTSALESCOUNT, PDTADDDATE, PDTVIEWCOUNT) 
VALUES (95, 1, 1, NULL, N'N 핑키쉬 네일', 14800, NULL, NULL, 0, 0, 208, todate('04/05/2018', 'MM/DD/RRRR'), 95);

INSERT INTO OPRODUCT (PDTID, CATID, SCATID, PDTNUMBER, PDTNAME, PDTAMOUNT, PDTDISCOUNTRATE, PDTIMGURL, PDTCOUNT, PDTREVIEWCOUNT, PDTSALESCOUNT, PDTADDDATE, PDTVIEWCOUNT) 
VALUES (96, 1, 1, NULL, N'N 오후의 정원 네일', 16800, NULL, NULL, 0, 0, 209, todate('04/06/2018', 'MM/DD/RRRR'), 96);

INSERT INTO OPRODUCT (PDTID, CATID, SCATID, PDTNUMBER, PDTNAME, PDTAMOUNT, PDTDISCOUNTRATE, PDTIMGURL, PDTCOUNT, PDTREVIEWCOUNT, PDTSALESCOUNT, PDTADDDATE, PDTVIEWCOUNT) 
VALUES (97, 1, 1, NULL, N'N 레이서 네일', 14800, NULL, NULL, 0, 0, 210, todate('04/07/2018', 'MM/DD/RRRR'), 97);

INSERT INTO OPRODUCT (PDTID, CATID, SCATID, PDTNUMBER, PDTNAME, PDTAMOUNT, PDTDISCOUNTRATE, PDTIMGURL, PDTCOUNT, PDTREVIEWCOUNT, PDTSALESCOUNT, PDTADDDATE, PDTVIEWCOUNT) 
VALUES (98, 1, 1, NULL, N'N 버디 네일', 14800, NULL, NULL, 0, 0, 211, todate('04/08/2018', 'MM/DD/RRRR'), 98);

INSERT INTO OPRODUCT (PDTID, CATID, SCATID, PDTNUMBER, PDTNAME, PDTAMOUNT, PDTDISCOUNTRATE, PDTIMGURL, PDTCOUNT, PDTREVIEWCOUNT, PDTSALESCOUNT, PDTADDDATE, PDTVIEWCOUNT) 
VALUES (99, 1, 1, NULL, N'N 세이지 네일', 15800, 40, NULL, 60, 0, 212, todate('04/09/2018', 'MM/DD/RRRR'), 99);

INSERT INTO OPRODUCT (PDTID, CATID, SCATID, PDTNUMBER, PDTNAME, PDTAMOUNT, PDTDISCOUNTRATE, PDTIMGURL, PDTCOUNT, PDTREVIEWCOUNT, PDTSALESCOUNT, PDTADDDATE, PDTVIEWCOUNT) 
VALUES (100, 1, 1, NULL, N'N 펄드 코코 네일', 17800, NULL, NULL, 60, 0, 213, todate('04/10/2018', 'MM/DD/RRRR'), 100);

INSERT INTO OPRODUCT (PDTID, CATID, SCATID, PDTNUMBER, PDTNAME, PDTAMOUNT, PDTDISCOUNTRATE, PDTIMGURL, PDTCOUNT, PDTREVIEWCOUNT, PDTSALESCOUNT, PDTADDDATE, PDTVIEWCOUNT) 
VALUES (101, 1, 1, NULL, N'N 라비앙 로즈 네일', 17800, NULL, NULL, 60, 0, 214, todate('04/11/2018', 'MM/DD/RRRR'), 101);

INSERT INTO OPRODUCT (PDTID, CATID, SCATID, PDTNUMBER, PDTNAME, PDTAMOUNT, PDTDISCOUNTRATE, PDTIMGURL, PDTCOUNT, PDTREVIEWCOUNT, PDTSALESCOUNT, PDTADDDATE, PDTVIEWCOUNT) 
VALUES (102, 1, 1, NULL, N'N 그레이스 네일', 17800, NULL, NULL, 60, 0, 215, todate('04/12/2018', 'MM/DD/RRRR'), 102);

INSERT INTO OPRODUCT (PDTID, CATID, SCATID, PDTNUMBER, PDTNAME, PDTAMOUNT, PDTDISCOUNTRATE, PDTIMGURL, PDTCOUNT, PDTREVIEWCOUNT, PDTSALESCOUNT, PDTADDDATE, PDTVIEWCOUNT) 
VALUES (103, 1, 1, NULL, N'N 무아레 네일', 16800, NULL, NULL, 60, 0, 216, todate('04/13/2018', 'MM/DD/RRRR'), 103);

INSERT INTO OPRODUCT (PDTID, CATID, SCATID, PDTNUMBER, PDTNAME, PDTAMOUNT, PDTDISCOUNTRATE, PDTIMGURL, PDTCOUNT, PDTREVIEWCOUNT, PDTSALESCOUNT, PDTADDDATE, PDTVIEWCOUNT) 
VALUES (104, 1, 1, NULL, N'N 발레 블랑 네일', 16800, NULL, NULL, 0, 0, 217, todate('04/14/2018', 'MM/DD/RRRR'), 104);

INSERT INTO OPRODUCT (PDTID, CATID, SCATID, PDTNUMBER, PDTNAME, PDTAMOUNT, PDTDISCOUNTRATE, PDTIMGURL, PDTCOUNT, PDTREVIEWCOUNT, PDTSALESCOUNT, PDTADDDATE, PDTVIEWCOUNT) 
VALUES (105, 1, 1, NULL, N'N 데이 브레이크 네일', 16800, NULL, NULL, 0, 0, 301, todate('04/15/2018', 'MM/DD/RRRR'), 105);

INSERT INTO OPRODUCT (PDTID, CATID, SCATID, PDTNUMBER, PDTNAME, PDTAMOUNT, PDTDISCOUNTRATE, PDTIMGURL, PDTCOUNT, PDTREVIEWCOUNT, PDTSALESCOUNT, PDTADDDATE, PDTVIEWCOUNT) 
VALUES (106, 1, 1, NULL, N'N 듀이 플라워 네일', 16800, 40, NULL, 0, 0, 305, todate('04/16/2018', 'MM/DD/RRRR'), 106);

INSERT INTO OPRODUCT (PDTID, CATID, SCATID, PDTNUMBER, PDTNAME, PDTAMOUNT, PDTDISCOUNTRATE, PDTIMGURL, PDTCOUNT, PDTREVIEWCOUNT, PDTSALESCOUNT, PDTADDDATE, PDTVIEWCOUNT) 
VALUES (107, 1, 2, 1, N'마이 갤럭시 네일 (라운드 스퀘어)', 27800, NULL, NULL, 101, 0, 309, todate('04/17/2018', 'MM/DD/RRRR'), 107);

INSERT INTO OPRODUCT (PDTID, CATID, SCATID, PDTNUMBER, PDTNAME, PDTAMOUNT, PDTDISCOUNTRATE, PDTIMGURL, PDTCOUNT, PDTREVIEWCOUNT, PDTSALESCOUNT, PDTADDDATE, PDTVIEWCOUNT) 
VALUES (108, 1, 2, 1, N'크리미 버터 네일 (라운드 스퀘어)', 27800, NULL, NULL, 102, 0, 313, todate('04/18/2018', 'MM/DD/RRRR'), 108);

INSERT INTO OPRODUCT (PDTID, CATID, SCATID, PDTNUMBER, PDTNAME, PDTAMOUNT, PDTDISCOUNTRATE, PDTIMGURL, PDTCOUNT, PDTREVIEWCOUNT, PDTSALESCOUNT, PDTADDDATE, PDTVIEWCOUNT) 
VALUES (109, 1, 2, 1, N'에센셜 네일 (라운드 스퀘어)', 27800, NULL, NULL, 103, 0, 317, todate('04/19/2018', 'MM/DD/RRRR'), 109);

INSERT INTO OPRODUCT (PDTID, CATID, SCATID, PDTNUMBER, PDTNAME, PDTAMOUNT, PDTDISCOUNTRATE, PDTIMGURL, PDTCOUNT, PDTREVIEWCOUNT, PDTSALESCOUNT, PDTADDDATE, PDTVIEWCOUNT) 
VALUES (110, 1, 2, 1, N'벨르 네일 (라운드 스퀘어)', 25800, NULL, NULL, 104, 0, 321, todate('04/20/2018', 'MM/DD/RRRR'), 110);

INSERT INTO OPRODUCT (PDTID, CATID, SCATID, PDTNUMBER, PDTNAME, PDTAMOUNT, PDTDISCOUNTRATE, PDTIMGURL, PDTCOUNT, PDTREVIEWCOUNT, PDTSALESCOUNT, PDTADDDATE, PDTVIEWCOUNT) 
VALUES (111, 1, 2, 1, N'뉴트럴 네일 (라운드 스퀘어)', 25800, NULL, NULL, 105, 0, 325, todate('04/21/2018', 'MM/DD/RRRR'), 111);

INSERT INTO OPRODUCT (PDTID, CATID, SCATID, PDTNUMBER, PDTNAME, PDTAMOUNT, PDTDISCOUNTRATE, PDTIMGURL, PDTCOUNT, PDTREVIEWCOUNT, PDTSALESCOUNT, PDTADDDATE, PDTVIEWCOUNT) 
VALUES (112, 1, 2, 1, N'그로브 네일 (라운드 스퀘어)', 25800, NULL, NULL, 106, 0, 329, todate('04/22/2018', 'MM/DD/RRRR'), 112);

INSERT INTO OPRODUCT (PDTID, CATID, SCATID, PDTNUMBER, PDTNAME, PDTAMOUNT, PDTDISCOUNTRATE, PDTIMGURL, PDTCOUNT, PDTREVIEWCOUNT, PDTSALESCOUNT, PDTADDDATE, PDTVIEWCOUNT) 
VALUES (113, 1, 2, 1, N'미스티 라일락 네일 (라운드 스퀘어)', 27800, NULL, NULL, 107, 0, 333, todate('04/23/2018', 'MM/DD/RRRR'), 113);

INSERT INTO OPRODUCT (PDTID, CATID, SCATID, PDTNUMBER, PDTNAME, PDTAMOUNT, PDTDISCOUNTRATE, PDTIMGURL, PDTCOUNT, PDTREVIEWCOUNT, PDTSALESCOUNT, PDTADDDATE, PDTVIEWCOUNT) 
VALUES (114, 1, 2, 1, N'애프리콧 주스 네일 (라운드 스퀘어)', 27800, NULL, NULL, 108, 0, 337, todate('04/24/2018', 'MM/DD/RRRR'), 114);

INSERT INTO OPRODUCT (PDTID, CATID, SCATID, PDTNUMBER, PDTNAME, PDTAMOUNT, PDTDISCOUNTRATE, PDTIMGURL, PDTCOUNT, PDTREVIEWCOUNT, PDTSALESCOUNT, PDTADDDATE, PDTVIEWCOUNT) 
VALUES (115, 1, 2, NULL, N'N 러브 포션 네일 (라운드 스퀘어)', 27800, NULL, NULL, 109, 0, 341, todate('04/25/2018', 'MM/DD/RRRR'), 115);

INSERT INTO OPRODUCT (PDTID, CATID, SCATID, PDTNUMBER, PDTNAME, PDTAMOUNT, PDTDISCOUNTRATE, PDTIMGURL, PDTCOUNT, PDTREVIEWCOUNT, PDTSALESCOUNT, PDTADDDATE, PDTVIEWCOUNT) 
VALUES (116, 1, 2, NULL, N'N 페일 쉬머 네일 (라운드 스퀘어)', 27800, NULL, NULL, 110, 0, 345, todate('04/26/2018', 'MM/DD/RRRR'), 116);

INSERT INTO OPRODUCT (PDTID, CATID, SCATID, PDTNUMBER, PDTNAME, PDTAMOUNT, PDTDISCOUNTRATE, PDTIMGURL, PDTCOUNT, PDTREVIEWCOUNT, PDTSALESCOUNT, PDTADDDATE, PDTVIEWCOUNT) 
VALUES (117, 1, 2, NULL, N'N 글림 웨이브 네일 (라운드 스퀘어)', 27800, NULL, NULL, 111, 0, 349, todate('04/27/2018', 'MM/DD/RRRR'), 117);

INSERT INTO OPRODUCT (PDTID, CATID, SCATID, PDTNUMBER, PDTNAME, PDTAMOUNT, PDTDISCOUNTRATE, PDTIMGURL, PDTCOUNT, PDTREVIEWCOUNT, PDTSALESCOUNT, PDTADDDATE, PDTVIEWCOUNT) 
VALUES (118, 1, 2, 2, N'N 글레이즈 프렌치 네일 (라운드 스퀘어)', 27800, NULL, NULL, 112, 0, 353, todate('04/28/2018', 'MM/DD/RRRR'), 118);

INSERT INTO OPRODUCT (PDTID, CATID, SCATID, PDTNUMBER, PDTNAME, PDTAMOUNT, PDTDISCOUNTRATE, PDTIMGURL, PDTCOUNT, PDTREVIEWCOUNT, PDTSALESCOUNT, PDTADDDATE, PDTVIEWCOUNT) 
VALUES (119, 1, 2, 3, N'선라이즈 네일 (라운드 스퀘어)', 27800, NULL, NULL, 113, 0, 357, todate('04/29/2018', 'MM/DD/RRRR'), 119);

INSERT INTO OPRODUCT (PDTID, CATID, SCATID, PDTNUMBER, PDTNAME, PDTAMOUNT, PDTDISCOUNTRATE, PDTIMGURL, PDTCOUNT, PDTREVIEWCOUNT, PDTSALESCOUNT, PDTADDDATE, PDTVIEWCOUNT) 
VALUES (120, 1, 2, 1, N'치크 네일 (라운드 스퀘어)', 27800, NULL, NULL, 114, 0, 361, todate('04/30/2018', 'MM/DD/RRRR'), 120);

INSERT INTO OPRODUCT (PDTID, CATID, SCATID, PDTNUMBER, PDTNAME, PDTAMOUNT, PDTDISCOUNTRATE, PDTIMGURL, PDTCOUNT, PDTREVIEWCOUNT, PDTSALESCOUNT, PDTADDDATE, PDTVIEWCOUNT) 
VALUES (121, 1, 2, 1, N'로지 네일 (라운드 스퀘어)', 27800, NULL, NULL, 115, 0, 365, todate('05/01/2018', 'MM/DD/RRRR'), 121);

INSERT INTO OPRODUCT (PDTID, CATID, SCATID, PDTNUMBER, PDTNAME, PDTAMOUNT, PDTDISCOUNTRATE, PDTIMGURL, PDTCOUNT, PDTREVIEWCOUNT, PDTSALESCOUNT, PDTADDDATE, PDTVIEWCOUNT) 
VALUES (122, 1, 2, 1, N'마일드 네일 (라운드 스퀘어)', 27800, NULL, NULL, 116, 0, 369, todate('05/02/2018', 'MM/DD/RRRR'), 122);

INSERT INTO OPRODUCT (PDTID, CATID, SCATID, PDTNUMBER, PDTNAME, PDTAMOUNT, PDTDISCOUNTRATE, PDTIMGURL, PDTCOUNT, PDTREVIEWCOUNT, PDTSALESCOUNT, PDTADDDATE, PDTVIEWCOUNT) 
VALUES (123, 1, 2, 1, N'웨이비 네일 (라운드 스퀘어)', 27800, NULL, NULL, 117, 0, 373, todate('05/03/2018', 'MM/DD/RRRR'), 123);

INSERT INTO OPRODUCT (PDTID, CATID, SCATID, PDTNUMBER, PDTNAME, PDTAMOUNT, PDTDISCOUNTRATE, PDTIMGURL, PDTCOUNT, PDTREVIEWCOUNT, PDTSALESCOUNT, PDTADDDATE, PDTVIEWCOUNT) 
VALUES (124, 1, 2, 2, N'선셋 스파클링 네일 (라운드 스퀘어)', 27800, NULL, NULL, 118, 0, 377, todate('05/04/2018', 'MM/DD/RRRR'), 124);

INSERT INTO OPRODUCT (PDTID, CATID, SCATID, PDTNUMBER, PDTNAME, PDTAMOUNT, PDTDISCOUNTRATE, PDTIMGURL, PDTCOUNT, PDTREVIEWCOUNT, PDTSALESCOUNT, PDTADDDATE, PDTVIEWCOUNT) 
VALUES (125, 1, 2, 2, N'골드 엣지 네일 (라운드 스퀘어)', 27800, NULL, NULL, 119, 0, 381, todate('05/05/2018', 'MM/DD/RRRR'), 125);

INSERT INTO OPRODUCT (PDTID, CATID, SCATID, PDTNUMBER, PDTNAME, PDTAMOUNT, PDTDISCOUNTRATE, PDTIMGURL, PDTCOUNT, PDTREVIEWCOUNT, PDTSALESCOUNT, PDTADDDATE, PDTVIEWCOUNT) 
VALUES (126, 1, 2, 1, N'N 소피 네일 (라운드 스퀘어)', 27800, NULL, NULL, 120, 0, 385, todate('05/06/2018', 'MM/DD/RRRR'), 126);

INSERT INTO OPRODUCT (PDTID, CATID, SCATID, PDTNUMBER, PDTNAME, PDTAMOUNT, PDTDISCOUNTRATE, PDTIMGURL, PDTCOUNT, PDTREVIEWCOUNT, PDTSALESCOUNT, PDTADDDATE, PDTVIEWCOUNT) 
VALUES (127, 1, 2, 1, N'글리머링 네일 (라운드 스퀘어)', 27800, NULL, NULL, 121, 0, 389, todate('05/07/2018', 'MM/DD/RRRR'), 127);

INSERT INTO OPRODUCT (PDTID, CATID, SCATID, PDTNUMBER, PDTNAME, PDTAMOUNT, PDTDISCOUNTRATE, PDTIMGURL, PDTCOUNT, PDTREVIEWCOUNT, PDTSALESCOUNT, PDTADDDATE, PDTVIEWCOUNT) 
VALUES (128, 2, 1, NULL, N'P 베이직페디 3호', 12800, 15, NULL, 122, 0, 393, todate('05/08/2018', 'MM/DD/RRRR'), 128);

INSERT INTO OPRODUCT (PDTID, CATID, SCATID, PDTNUMBER, PDTNAME, PDTAMOUNT, PDTDISCOUNTRATE, PDTIMGURL, PDTCOUNT, PDTREVIEWCOUNT, PDTSALESCOUNT, PDTADDDATE, PDTVIEWCOUNT) 
VALUES (129, 2, 1, NULL, N'P 베이직페디 4호', 12800, 15, NULL, 123, 0, 401, todate('05/09/2018', 'MM/DD/RRRR'), 129);

INSERT INTO OPRODUCT (PDTID, CATID, SCATID, PDTNUMBER, PDTNAME, PDTAMOUNT, PDTDISCOUNTRATE, PDTIMGURL, PDTCOUNT, PDTREVIEWCOUNT, PDTSALESCOUNT, PDTADDDATE, PDTVIEWCOUNT) 
VALUES (130, 2, 1, NULL, N'P 디아망 페디', 12800, 15, NULL, 124, 0, 402, todate('05/10/2018', 'MM/DD/RRRR'), 130);

INSERT INTO OPRODUCT (PDTID, CATID, SCATID, PDTNUMBER, PDTNAME, PDTAMOUNT, PDTDISCOUNTRATE, PDTIMGURL, PDTCOUNT, PDTREVIEWCOUNT, PDTSALESCOUNT, PDTADDDATE, PDTVIEWCOUNT) 
VALUES (131, 2, 1, NULL, N'P 칠리 레드 페디', 12800, 15, NULL, 125, 0, 403, todate('05/11/2018', 'MM/DD/RRRR'), 131);

INSERT INTO OPRODUCT (PDTID, CATID, SCATID, PDTNUMBER, PDTNAME, PDTAMOUNT, PDTDISCOUNTRATE, PDTIMGURL, PDTCOUNT, PDTREVIEWCOUNT, PDTSALESCOUNT, PDTADDDATE, PDTVIEWCOUNT) 
VALUES (132, 2, 1, NULL, N'P 틴트 버건디 페디', 12800, 15, NULL, 126, 0, 404, todate('05/12/2018', 'MM/DD/RRRR'), 132);

INSERT INTO OPRODUCT (PDTID, CATID, SCATID, PDTNUMBER, PDTNAME, PDTAMOUNT, PDTDISCOUNTRATE, PDTIMGURL, PDTCOUNT, PDTREVIEWCOUNT, PDTSALESCOUNT, PDTADDDATE, PDTVIEWCOUNT) 
VALUES (133, 2, 1, NULL, N'P 스태리나잇 페디', 12800, 15, NULL, 127, 0, 405, todate('05/13/2018', 'MM/DD/RRRR'), 133);

INSERT INTO OPRODUCT (PDTID, CATID, SCATID, PDTNUMBER, PDTNAME, PDTAMOUNT, PDTDISCOUNTRATE, PDTIMGURL, PDTCOUNT, PDTREVIEWCOUNT, PDTSALESCOUNT, PDTADDDATE, PDTVIEWCOUNT) 
VALUES (134, 2, 1, NULL, N'P 틴트 블랙 페디', 12800, 20, NULL, 128, 0, 406, todate('05/14/2018', 'MM/DD/RRRR'), 134);

INSERT INTO OPRODUCT (PDTID, CATID, SCATID, PDTNUMBER, PDTNAME, PDTAMOUNT, PDTDISCOUNTRATE, PDTIMGURL, PDTCOUNT, PDTREVIEWCOUNT, PDTSALESCOUNT, PDTADDDATE, PDTVIEWCOUNT) 
VALUES (135, 2, 1, NULL, N'P 블레이즈 페디', 12800, 20, NULL, 129, 0, 407, todate('05/15/2018', 'MM/DD/RRRR'), 135);

INSERT INTO OPRODUCT (PDTID, CATID, SCATID, PDTNUMBER, PDTNAME, PDTAMOUNT, PDTDISCOUNTRATE, PDTIMGURL, PDTCOUNT, PDTREVIEWCOUNT, PDTSALESCOUNT, PDTADDDATE, PDTVIEWCOUNT) 
VALUES (136, 2, 1, NULL, N'P 피콕 블루 페디', 12800, NULL, NULL, 0, 0, 408, todate('05/16/2018', 'MM/DD/RRRR'), 136);

INSERT INTO OPRODUCT (PDTID, CATID, SCATID, PDTNUMBER, PDTNAME, PDTAMOUNT, PDTDISCOUNTRATE, PDTIMGURL, PDTCOUNT, PDTREVIEWCOUNT, PDTSALESCOUNT, PDTADDDATE, PDTVIEWCOUNT) 
VALUES (137, 2, 1, NULL, N'P 코발트 블루 페디', 12800, NULL, NULL, 0, 0, 409, todate('05/17/2018', 'MM/DD/RRRR'), 137);

INSERT INTO OPRODUCT (PDTID, CATID, SCATID, PDTNUMBER, PDTNAME, PDTAMOUNT, PDTDISCOUNTRATE, PDTIMGURL, PDTCOUNT, PDTREVIEWCOUNT, PDTSALESCOUNT, PDTADDDATE, PDTVIEWCOUNT) 
VALUES (138, 2, 1, NULL, N'P 샌디 페디', 16800, 20, NULL, 200, 0, 410, todate('05/18/2018', 'MM/DD/RRRR'), 138);

INSERT INTO OPRODUCT (PDTID, CATID, SCATID, PDTNUMBER, PDTNAME, PDTAMOUNT, PDTDISCOUNTRATE, PDTIMGURL, PDTCOUNT, PDTREVIEWCOUNT, PDTSALESCOUNT, PDTADDDATE, PDTVIEWCOUNT) 
VALUES (139, 2, 1, NULL, N'P 릴리 페디', 16800, 15, NULL, 201, 0, 411, todate('05/19/2018', 'MM/DD/RRRR'), 139);

INSERT INTO OPRODUCT (PDTID, CATID, SCATID, PDTNUMBER, PDTNAME, PDTAMOUNT, PDTDISCOUNTRATE, PDTIMGURL, PDTCOUNT, PDTREVIEWCOUNT, PDTSALESCOUNT, PDTADDDATE, PDTVIEWCOUNT) 
VALUES (140, 2, 1, NULL, N'P 실키 페디', 16800, 20, NULL, 202, 0, 412, todate('05/20/2018', 'MM/DD/RRRR'), 140);

INSERT INTO OPRODUCT (PDTID, CATID, SCATID, PDTNUMBER, PDTNAME, PDTAMOUNT, PDTDISCOUNTRATE, PDTIMGURL, PDTCOUNT, PDTREVIEWCOUNT, PDTSALESCOUNT, PDTADDDATE, PDTVIEWCOUNT) 
VALUES (141, 2, 1, NULL, N'P 블루 아이스 페디', 16800, 20, NULL, 203, 0, 413, todate('05/21/2018', 'MM/DD/RRRR'), 141);

INSERT INTO OPRODUCT (PDTID, CATID, SCATID, PDTNUMBER, PDTNAME, PDTAMOUNT, PDTDISCOUNTRATE, PDTIMGURL, PDTCOUNT, PDTREVIEWCOUNT, PDTSALESCOUNT, PDTADDDATE, PDTVIEWCOUNT) 
VALUES (142, 2, 1, NULL, N'P 미뉴에트 페디', 16800, 50, NULL, 204, 0, 414, todate('05/22/2018', 'MM/DD/RRRR'), 142);

INSERT INTO OPRODUCT (PDTID, CATID, SCATID, PDTNUMBER, PDTNAME, PDTAMOUNT, PDTDISCOUNTRATE, PDTIMGURL, PDTCOUNT, PDTREVIEWCOUNT, PDTSALESCOUNT, PDTADDDATE, PDTVIEWCOUNT) 
VALUES (143, 2, 1, NULL, N'P 아이시 페디', 16800, 40, NULL, 205, 0, 415, todate('05/23/2018', 'MM/DD/RRRR'), 143);

INSERT INTO OPRODUCT (PDTID, CATID, SCATID, PDTNUMBER, PDTNAME, PDTAMOUNT, PDTDISCOUNTRATE, PDTIMGURL, PDTCOUNT, PDTREVIEWCOUNT, PDTSALESCOUNT, PDTADDDATE, PDTVIEWCOUNT) 
VALUES (144, 2, 1, NULL, N'P 블루 샤크 페디', 14800, 60, NULL, 206, 0, 401, todate('05/24/2018', 'MM/DD/RRRR'), 144);

INSERT INTO OPRODUCT (PDTID, CATID, SCATID, PDTNUMBER, PDTNAME, PDTAMOUNT, PDTDISCOUNTRATE, PDTIMGURL, PDTCOUNT, PDTREVIEWCOUNT, PDTSALESCOUNT, PDTADDDATE, PDTVIEWCOUNT) 
VALUES (145, 2, 1, NULL, N'P 블루베리 팝 페디', 14800, 40, NULL, 207, 0, 406, todate('05/25/2018', 'MM/DD/RRRR'), 145);

INSERT INTO OPRODUCT (PDTID, CATID, SCATID, PDTNUMBER, PDTNAME, PDTAMOUNT, PDTDISCOUNTRATE, PDTIMGURL, PDTCOUNT, PDTREVIEWCOUNT, PDTSALESCOUNT, PDTADDDATE, PDTVIEWCOUNT) 
VALUES (146, 2, 1, NULL, N'P 베이직 무드 페디', 14800, 20, NULL, 208, 0, 411, todate('05/26/2018', 'MM/DD/RRRR'), 146);

INSERT INTO OPRODUCT (PDTID, CATID, SCATID, PDTNUMBER, PDTNAME, PDTAMOUNT, PDTDISCOUNTRATE, PDTIMGURL, PDTCOUNT, PDTREVIEWCOUNT, PDTSALESCOUNT, PDTADDDATE, PDTVIEWCOUNT) 
VALUES (147, 2, 1, NULL, N'P 마블 소다 페디', 14800, 20, NULL, 209, 0, 416, todate('05/27/2018', 'MM/DD/RRRR'), 147);

INSERT INTO OPRODUCT (PDTID, CATID, SCATID, PDTNUMBER, PDTNAME, PDTAMOUNT, PDTDISCOUNTRATE, PDTIMGURL, PDTCOUNT, PDTREVIEWCOUNT, PDTSALESCOUNT, PDTADDDATE, PDTVIEWCOUNT) 
VALUES (148, 2, 1, NULL, N'P 라임에이드 페디', 14800, 40, NULL, 210, 0, 421, todate('05/28/2018', 'MM/DD/RRRR'), 148);

INSERT INTO OPRODUCT (PDTID, CATID, SCATID, PDTNUMBER, PDTNAME, PDTAMOUNT, PDTDISCOUNTRATE, PDTIMGURL, PDTCOUNT, PDTREVIEWCOUNT, PDTSALESCOUNT, PDTADDDATE, PDTVIEWCOUNT) 
VALUES (149, 2, 1, NULL, N'P 앰버 페디', 14800, 20, NULL, 211, 0, 426, todate('05/29/2018', 'MM/DD/RRRR'), 149);

INSERT INTO OPRODUCT (PDTID, CATID, SCATID, PDTNUMBER, PDTNAME, PDTAMOUNT, PDTDISCOUNTRATE, PDTIMGURL, PDTCOUNT, PDTREVIEWCOUNT, PDTSALESCOUNT, PDTADDDATE, PDTVIEWCOUNT) 
VALUES (150, 2, 1, NULL, N'P 체크메이트 페디', 14800, 20, NULL, 212, 0, 431, todate('05/30/2018', 'MM/DD/RRRR'), 150);

INSERT INTO OPRODUCT (PDTID, CATID, SCATID, PDTNUMBER, PDTNAME, PDTAMOUNT, PDTDISCOUNTRATE, PDTIMGURL, PDTCOUNT, PDTREVIEWCOUNT, PDTSALESCOUNT, PDTADDDATE, PDTVIEWCOUNT) 
VALUES (151, 2, 1, NULL, N'P 나이트 버드 페디', 14800, 40, NULL, 213, 0, 436, todate('05/31/2018', 'MM/DD/RRRR'), 151);

INSERT INTO OPRODUCT (PDTID, CATID, SCATID, PDTNUMBER, PDTNAME, PDTAMOUNT, PDTDISCOUNTRATE, PDTIMGURL, PDTCOUNT, PDTREVIEWCOUNT, PDTSALESCOUNT, PDTADDDATE, PDTVIEWCOUNT) 
VALUES (152, 2, 1, NULL, N'P 비포 선셋 페디', 14800, 20, NULL, 214, 0, 441, todate('06/01/2018', 'MM/DD/RRRR'), 152);

INSERT INTO OPRODUCT (PDTID, CATID, SCATID, PDTNUMBER, PDTNAME, PDTAMOUNT, PDTDISCOUNTRATE, PDTIMGURL, PDTCOUNT, PDTREVIEWCOUNT, PDTSALESCOUNT, PDTADDDATE, PDTVIEWCOUNT) 
VALUES (153, 2, 1, NULL, N'P 오키드 페디', 14800, 50, NULL, 215, 0, 446, todate('06/02/2018', 'MM/DD/RRRR'), 153);

INSERT INTO OPRODUCT (PDTID, CATID, SCATID, PDTNUMBER, PDTNAME, PDTAMOUNT, PDTDISCOUNTRATE, PDTIMGURL, PDTCOUNT, PDTREVIEWCOUNT, PDTSALESCOUNT, PDTADDDATE, PDTVIEWCOUNT) 
VALUES (154, 2, 1, NULL, N'P 노마드 페디', 14800, 40, NULL, 216, 0, 451, todate('06/03/2018', 'MM/DD/RRRR'), 154);

INSERT INTO OPRODUCT (PDTID, CATID, SCATID, PDTNUMBER, PDTNAME, PDTAMOUNT, PDTDISCOUNTRATE, PDTIMGURL, PDTCOUNT, PDTREVIEWCOUNT, PDTSALESCOUNT, PDTADDDATE, PDTVIEWCOUNT) 
VALUES (155, 2, 1, NULL, N'P 오렌지 블라썸 페디', 14800, 40, NULL, 217, 0, 456, todate('06/04/2018', 'MM/DD/RRRR'), 155);

INSERT INTO OPRODUCT (PDTID, CATID, SCATID, PDTNUMBER, PDTNAME, PDTAMOUNT, PDTDISCOUNTRATE, PDTIMGURL, PDTCOUNT, PDTREVIEWCOUNT, PDTSALESCOUNT, PDTADDDATE, PDTVIEWCOUNT) 
VALUES (156, 2, 1, NULL, N'P 크런치 페디', 14800, 40, NULL, 218, 0, 461, todate('06/05/2018', 'MM/DD/RRRR'), 156);

INSERT INTO OPRODUCT (PDTID, CATID, SCATID, PDTNUMBER, PDTNAME, PDTAMOUNT, PDTDISCOUNTRATE, PDTIMGURL, PDTCOUNT, PDTREVIEWCOUNT, PDTSALESCOUNT, PDTADDDATE, PDTVIEWCOUNT) 
VALUES (157, 2, 1, NULL, N'P 베수비오 페디', 14800, 40, NULL, 219, 0, 466, todate('06/06/2018', 'MM/DD/RRRR'), 157);

INSERT INTO OPRODUCT (PDTID, CATID, SCATID, PDTNUMBER, PDTNAME, PDTAMOUNT, PDTDISCOUNTRATE, PDTIMGURL, PDTCOUNT, PDTREVIEWCOUNT, PDTSALESCOUNT, PDTADDDATE, PDTVIEWCOUNT) 
VALUES (158, 2, 1, NULL, N'P 크레시다 페디', 16800, 20, NULL, 220, 0, 471, todate('06/07/2018', 'MM/DD/RRRR'), 158);

INSERT INTO OPRODUCT (PDTID, CATID, SCATID, PDTNUMBER, PDTNAME, PDTAMOUNT, PDTDISCOUNTRATE, PDTIMGURL, PDTCOUNT, PDTREVIEWCOUNT, PDTSALESCOUNT, PDTADDDATE, PDTVIEWCOUNT) 
VALUES (159, 2, 1, NULL, N'P 체리 크러쉬 페디', 14800, NULL, NULL, 0, 0, 476, todate('06/08/2018', 'MM/DD/RRRR'), 159);

INSERT INTO OPRODUCT (PDTID, CATID, SCATID, PDTNUMBER, PDTNAME, PDTAMOUNT, PDTDISCOUNTRATE, PDTIMGURL, PDTCOUNT, PDTREVIEWCOUNT, PDTSALESCOUNT, PDTADDDATE, PDTVIEWCOUNT) 
VALUES (160, 2, 1, NULL, N'P 뷰 페디', 14800, NULL, NULL, 0, 0, 481, todate('06/09/2018', 'MM/DD/RRRR'), 160);

INSERT INTO OPRODUCT (PDTID, CATID, SCATID, PDTNUMBER, PDTNAME, PDTAMOUNT, PDTDISCOUNTRATE, PDTIMGURL, PDTCOUNT, PDTREVIEWCOUNT, PDTSALESCOUNT, PDTADDDATE, PDTVIEWCOUNT) 
VALUES (161, 2, 1, NULL, N'P 빅 스마일 페디', 14800, NULL, NULL, 0, 0, 486, todate('06/10/2018', 'MM/DD/RRRR'), 161);

INSERT INTO OPRODUCT (PDTID, CATID, SCATID, PDTNUMBER, PDTNAME, PDTAMOUNT, PDTDISCOUNTRATE, PDTIMGURL, PDTCOUNT, PDTREVIEWCOUNT, PDTSALESCOUNT, PDTADDDATE, PDTVIEWCOUNT) 
VALUES (162, 2, 1, NULL, N'P 라임 주스 페디', 15800, NULL, NULL, 0, 0, 491, todate('06/11/2018', 'MM/DD/RRRR'), 162);

INSERT INTO OPRODUCT (PDTID, CATID, SCATID, PDTNUMBER, PDTNAME, PDTAMOUNT, PDTDISCOUNTRATE, PDTIMGURL, PDTCOUNT, PDTREVIEWCOUNT, PDTSALESCOUNT, PDTADDDATE, PDTVIEWCOUNT) 
VALUES (163, 3, NULL, NULL, N'젤램프', 18000, NULL, NULL, 300, 0, 496, todate('06/12/2018', 'MM/DD/RRRR'), 163);

INSERT INTO OPRODUCT (PDTID, CATID, SCATID, PDTNUMBER, PDTNAME, PDTAMOUNT, PDTDISCOUNTRATE, PDTIMGURL, PDTCOUNT, PDTREVIEWCOUNT, PDTSALESCOUNT, PDTADDDATE, PDTVIEWCOUNT) 
VALUES (164, 3, NULL, NULL, N'프로 포터블 젤램프', 54000, NULL, NULL, 301, 0, 501, todate('06/13/2018', 'MM/DD/RRRR'), 164);

INSERT INTO OPRODUCT (PDTID, CATID, SCATID, PDTNUMBER, PDTNAME, PDTAMOUNT, PDTDISCOUNTRATE, PDTIMGURL, PDTCOUNT, PDTREVIEWCOUNT, PDTSALESCOUNT, PDTADDDATE, PDTVIEWCOUNT) 
VALUES (165, 3, NULL, NULL, N'프로 젤램프', 21000, NULL, NULL, 302, 0, 506, todate('06/14/2018', 'MM/DD/RRRR'), 165);

INSERT INTO OPRODUCT (PDTID, CATID, SCATID, PDTNUMBER, PDTNAME, PDTAMOUNT, PDTDISCOUNTRATE, PDTIMGURL, PDTCOUNT, PDTREVIEWCOUNT, PDTSALESCOUNT, PDTADDDATE, PDTVIEWCOUNT) 
VALUES (166, 3, NULL, 3, N'기프트백', 2500, NULL, NULL, 303, 0, 511, todate('06/15/2018', 'MM/DD/RRRR'), 166);

INSERT INTO OPRODUCT (PDTID, CATID, SCATID, PDTNUMBER, PDTNAME, PDTAMOUNT, PDTDISCOUNTRATE, PDTIMGURL, PDTCOUNT, PDTREVIEWCOUNT, PDTSALESCOUNT, PDTADDDATE, PDTVIEWCOUNT) 
VALUES (167, 3, NULL, NULL, N'프로 포인트 젤램프', 3300, NULL, NULL, 304, 0, 600, todate('06/16/2018', 'MM/DD/RRRR'), 167);

INSERT INTO OPRODUCT (PDTID, CATID, SCATID, PDTNUMBER, PDTNAME, PDTAMOUNT, PDTDISCOUNTRATE, PDTIMGURL, PDTCOUNT, PDTREVIEWCOUNT, PDTSALESCOUNT, PDTADDDATE, PDTVIEWCOUNT) 
VALUES (168, 3, NULL, 3, N'토우 세퍼레이터 2종', 15000, 8, NULL, 305, 0, 123, todate('06/17/2018', 'MM/DD/RRRR'), 168);

INSERT INTO OPRODUCT (PDTID, CATID, SCATID, PDTNUMBER, PDTNAME, PDTAMOUNT, PDTDISCOUNTRATE, PDTIMGURL, PDTCOUNT, PDTREVIEWCOUNT, PDTSALESCOUNT, PDTADDDATE, PDTVIEWCOUNT) 
VALUES (169, 3, NULL, NULL, N'프로 이지필 리무버', 12800, 20, NULL, 306, 0, 124, todate('06/18/2018', 'MM/DD/RRRR'), 169);

INSERT INTO OPRODUCT (PDTID, CATID, SCATID, PDTNUMBER, PDTNAME, PDTAMOUNT, PDTDISCOUNTRATE, PDTIMGURL, PDTCOUNT, PDTREVIEWCOUNT, PDTSALESCOUNT, PDTADDDATE, PDTVIEWCOUNT) 
VALUES (170, 3, NULL, NULL, N'프로 글로시 탑젤', 19800, 20, NULL, 307, 0, 125, todate('06/19/2018', 'MM/DD/RRRR'), 170);

INSERT INTO OPRODUCT (PDTID, CATID, SCATID, PDTNUMBER, PDTNAME, PDTAMOUNT, PDTDISCOUNTRATE, PDTIMGURL, PDTCOUNT, PDTREVIEWCOUNT, PDTSALESCOUNT, PDTADDDATE, PDTVIEWCOUNT) 
VALUES (171, 3, NULL, NULL, N'프로 너리싱 네일 오일', 16000, 20, NULL, 308, 0, 126, todate('06/20/2018', 'MM/DD/RRRR'), 171);

INSERT INTO OPRODUCT (PDTID, CATID, SCATID, PDTNUMBER, PDTNAME, PDTAMOUNT, PDTDISCOUNTRATE, PDTIMGURL, PDTCOUNT, PDTREVIEWCOUNT, PDTSALESCOUNT, PDTADDDATE, PDTVIEWCOUNT) 
VALUES (172, 3, NULL, NULL, N'프로 네일 강화제', 19800, 20, NULL, 309, 0, 127, todate('06/21/2018', 'MM/DD/RRRR'), 172);

INSERT INTO OPRODUCT (PDTID, CATID, SCATID, PDTNUMBER, PDTNAME, PDTAMOUNT, PDTDISCOUNTRATE, PDTIMGURL, PDTCOUNT, PDTREVIEWCOUNT, PDTSALESCOUNT, PDTADDDATE, PDTVIEWCOUNT) 
VALUES (173, 3, NULL, NULL, N'프로 이지 듀얼 스틱', 19800, 20, NULL, 310, 0, 128, todate('06/22/2018', 'MM/DD/RRRR'), 173);

INSERT INTO OPRODUCT (PDTID, CATID, SCATID, PDTNUMBER, PDTNAME, PDTAMOUNT, PDTDISCOUNTRATE, PDTIMGURL, PDTCOUNT, PDTREVIEWCOUNT, PDTSALESCOUNT, PDTADDDATE, PDTVIEWCOUNT) 
VALUES (174, 3, NULL, NULL, N'프로 네일 프라이머 플러스', 14800, 20, NULL, 311, 0, 129, todate('06/23/2018', 'MM/DD/RRRR'), 174);

INSERT INTO OPRODUCT (PDTID, CATID, SCATID, PDTNUMBER, PDTNAME, PDTAMOUNT, PDTDISCOUNTRATE, PDTIMGURL, PDTCOUNT, PDTREVIEWCOUNT, PDTSALESCOUNT, PDTADDDATE, PDTVIEWCOUNT) 
VALUES (175, 3, NULL, NULL, N'프로 루즈스킨 리무버', 10800, 20, NULL, 312, 0, 130, todate('06/24/2018', 'MM/DD/RRRR'), 175);

INSERT INTO OPRODUCT (PDTID, CATID, SCATID, PDTNUMBER, PDTNAME, PDTAMOUNT, PDTDISCOUNTRATE, PDTIMGURL, PDTCOUNT, PDTREVIEWCOUNT, PDTSALESCOUNT, PDTADDDATE, PDTVIEWCOUNT) 
VALUES (176, 3, NULL, NULL, N'오호라 보관함 네일 포켓(리필용)', 4800, 20, NULL, 313, 0, 131, todate('06/25/2018', 'MM/DD/RRRR'), 176);

INSERT INTO OPRODUCT (PDTID, CATID, SCATID, PDTNUMBER, PDTNAME, PDTAMOUNT, PDTDISCOUNTRATE, PDTIMGURL, PDTCOUNT, PDTREVIEWCOUNT, PDTSALESCOUNT, PDTADDDATE, PDTVIEWCOUNT) 
VALUES (177, 3, NULL, NULL, N'프렙패드', 5800, 30, NULL, 314, 0, 132, todate('06/26/2018', 'MM/DD/RRRR'), 177);

INSERT INTO OPRODUCT (PDTID, CATID, SCATID, PDTNUMBER, PDTNAME, PDTAMOUNT, PDTDISCOUNTRATE, PDTIMGURL, PDTCOUNT, PDTREVIEWCOUNT, PDTSALESCOUNT, PDTADDDATE, PDTVIEWCOUNT) 
VALUES (178, 3, NULL, 4, N'프로 워셔블 네일 파일', 5800, 30, NULL, 315, 0, 133, todate('06/27/2018', 'MM/DD/RRRR'), 178);

INSERT INTO OPRODUCT (PDTID, CATID, SCATID, PDTNUMBER, PDTNAME, PDTAMOUNT, PDTDISCOUNTRATE, PDTIMGURL, PDTCOUNT, PDTREVIEWCOUNT, PDTSALESCOUNT, PDTADDDATE, PDTVIEWCOUNT) 
VALUES (179, 3, NULL, NULL, N'손상 개선 SET(리무버+강화제)', 32600, 35, NULL, 316, 0, 134, todate('06/28/2018', 'MM/DD/RRRR'), 179);

INSERT INTO OPRODUCT (PDTID, CATID, SCATID, PDTNUMBER, PDTNAME, PDTAMOUNT, PDTDISCOUNTRATE, PDTIMGURL, PDTCOUNT, PDTREVIEWCOUNT, PDTSALESCOUNT, PDTADDDATE, PDTVIEWCOUNT) 
VALUES (180, 3, NULL, NULL, N'광택 유지 SET(탑젤+강회제)', 39600, 35, NULL, 317, 0, 135, todate('06/29/2018', 'MM/DD/RRRR'), 180);

INSERT INTO OPRODUCT (PDTID, CATID, SCATID, PDTNUMBER, PDTNAME, PDTAMOUNT, PDTDISCOUNTRATE, PDTIMGURL, PDTCOUNT, PDTREVIEWCOUNT, PDTSALESCOUNT, PDTADDDATE, PDTVIEWCOUNT) 
VALUES (181, 3, NULL, NULL, N'유지력 강화 SET(탑젤+프라이머)', 34600, 35, NULL, 318, 0, 136, todate('06/30/2018', 'MM/DD/RRRR'), 181);

INSERT INTO OPRODUCT (PDTID, CATID, SCATID, PDTNUMBER, PDTNAME, PDTAMOUNT, PDTDISCOUNTRATE, PDTIMGURL, PDTCOUNT, PDTREVIEWCOUNT, PDTSALESCOUNT, PDTADDDATE, PDTVIEWCOUNT) 
VALUES (182, 3, NULL, NULL, N'올인원 SET(탑젤+리무버+강화제)', 52400, 40, NULL, 319, 0, 137, todate('07/01/2018', 'MM/DD/RRRR'), 182);

-- Product Option 데이터
INSERT INTO OPDTOPTION (OPTID, PDTID, OPTNAME, OPTAMOUNT) VALUES (1, 178, N'프로 워셔블 소프트 파일', NULL);

INSERT INTO OPDTOPTION (OPTID, PDTID, OPTNAME, OPTAMOUNT) 
VALUES (2, 178, N'프로 워셔블 네일 파일', NULL);

INSERT INTO OPDTOPTION (OPTID, PDTID, OPTNAME, OPTAMOUNT) 
VALUES (3, 178, N'프로 워셔블 사이드 파일', NULL);

SET DEFINE OFF;
INSERT INTO OPDTOPTION (OPTID, PDTID, OPTNAME, OPTAMOUNT) 
VALUES (4, 178, N'프로 워셔블 버퍼&샤이너', -1000);

INSERT INTO OPDTOPTION (OPTID, PDTID, OPTNAME, OPTAMOUNT) 
VALUES (5, 168, N'샌드 리플', NULL);

INSERT INTO OPDTOPTION (OPTID, PDTID, OPTNAME, OPTAMOUNT) 
VALUES (6, 168, N'플로렌스', NULL);

INSERT INTO OPDTOPTION (OPTID, PDTID, OPTNAME, OPTAMOUNT) 
VALUES (7, 168, N'[23%] 2종 SET', 11000);

INSERT INTO OPDTOPTION (OPTID, PDTID, OPTNAME, OPTAMOUNT) 
VALUES (8, 166, N'S', NULL);

INSERT INTO OPDTOPTION (OPTID, PDTID, OPTNAME, OPTAMOUNT) 
VALUES (9, 166, N'M', 500);

INSERT INTO OPDTOPTION (OPTID, PDTID, OPTNAME, OPTAMOUNT) 
VALUES (10, 166, N'L', 1000);

INSERT INTO OPDTOPTION (OPTID, PDTID, OPTNAME, OPTAMOUNT, OPTCOUNT)
VALUES (11, 113, '숏', 0, 100);

INSERT INTO OPDTOPTION (OPTID, PDTID, OPTNAME, OPTAMOUNT, OPTCOUNT)
VALUES (12, 113, '미디엄', 0, 100);

INSERT INTO OPDTOPTION (OPTID, PDTID, OPTNAME, OPTAMOUNT, OPTCOUNT)
VALUES (13, 124, '숏', 0, 100);

INSERT INTO OPDTOPTION (OPTID, PDTID, OPTNAME, OPTAMOUNT, OPTCOUNT)
VALUES (14, 124, '미디엄', 0, 100);

INSERT INTO OPDTOPTION (OPTID, PDTID, OPTNAME, OPTAMOUNT, OPTCOUNT)
VALUES (15, 125, '숏', 0, 100);

INSERT INTO OPDTOPTION (OPTID, PDTID, OPTNAME, OPTAMOUNT, OPTCOUNT)
VALUES (16, 125, '미디엄', 0, 100);

INSERT INTO OPDTOPTION (OPTID, PDTID, OPTNAME, OPTAMOUNT, OPTCOUNT)
VALUES (17, 119, '숏', 0, 100);

INSERT INTO OPDTOPTION (OPTID, PDTID, OPTNAME, OPTAMOUNT, OPTCOUNT)
VALUES (18, 119, '미디엄', 0, 100);

INSERT INTO OPDTOPTION (OPTID, PDTID, OPTNAME, OPTAMOUNT, OPTCOUNT)
VALUES (19, 127, '숏', 0, 100);

INSERT INTO OPDTOPTION (OPTID, PDTID, OPTNAME, OPTAMOUNT, OPTCOUNT)
VALUES (20, 127, '미디엄', 0, 100);

INSERT INTO OPDTOPTION (OPTID, PDTID, OPTNAME, OPTAMOUNT, OPTCOUNT)
VALUES (21, 108, '숏', 0, 100);

INSERT INTO OPDTOPTION (OPTID, PDTID, OPTNAME, OPTAMOUNT, OPTCOUNT)
VALUES (22, 107, '숏', 0, 100);

INSERT INTO OPDTOPTION (OPTID, PDTID, OPTNAME, OPTAMOUNT, OPTCOUNT)
VALUES (23, 107, '미디엄', 0, 100);

INSERT INTO OPDTOPTION (OPTID, PDTID, OPTNAME, OPTAMOUNT, OPTCOUNT)
VALUES (24, 118, '숏', 0, 100);

INSERT INTO OPDTOPTION (OPTID, PDTID, OPTNAME, OPTAMOUNT, OPTCOUNT)
VALUES (25, 112, '숏', 0, 100);

INSERT INTO OPDTOPTION (OPTID, PDTID, OPTNAME, OPTAMOUNT, OPTCOUNT)
VALUES (26, 112, '미디엄', 0, 100);

INSERT INTO OPDTOPTION (OPTID, PDTID, OPTNAME, OPTAMOUNT, OPTCOUNT)
VALUES (27, 1, '미디엄', 0, 10);

INSERT INTO OPDTOPTION (OPTID, PDTID, OPTNAME, OPTAMOUNT, OPTCOUNT)
VALUES (28, 1, '숏', 0, 10);

-- Auth 데이터
INSERT INTO OAUTH (AUTHID, AUTHNAME) VALUES (1, '관리자');
INSERT INTO OAUTH (AUTHID, AUTHNAME) VALUES (2, '일반');

-- User 데이터
INSERT INTO ouser (userid, memid, AUTHID, USERLOGINID, USERPASSWORD, USERNAME, USEREMAIL, USERTEL, USERBIRTH, USERPOINT, USERSMSAGREE, USERJOINDATE, USEREMAILAGREE)
VALUES (1001, 1, 1, 'ssit0001', 'yong1234', '김덕춘', 'ssit0001@gmail.com', '010-1234-5678', '1990-01-01', 0, 'Y', SYSDATE, 'N');

INSERT INTO ouser (userid, memid, AUTHID, USERLOGINID, USERPASSWORD, USERNAME, USEREMAIL, USERTEL, USERBIRTH, USERPOINT, USERSMSAGREE, USERJOINDATE, USEREMAILAGREE)
            VALUES (1002, 2, 2, 'ssit0002'	,'yong1235','김상배', 'ssit0002@naver.com',	'010-2345-7895',	'1991-02-02', 527, 'N', SYSDATE,'N');
INSERT INTO ouser (userid, memid, AUTHID, USERLOGINID, USERPASSWORD, USERNAME, USEREMAIL, USERTEL, USERBIRTH, USERPOINT, USERSMSAGREE, USERJOINDATE, USEREMAILAGREE)
            VALUES (1003, 1, 2, 'ssit0003',	'yong1236',	'이상만', 'ssit0003@daum.net',	'010-7842-4562',	'1993-03-03',	0,	'N', SYSDATE,'N');
INSERT INTO ouser (userid, memid, AUTHID, USERLOGINID, USERPASSWORD, USERNAME, USEREMAIL, USERTEL, USERBIRTH, USERPOINT, USERSMSAGREE, USERJOINDATE, USEREMAILAGREE)
            VALUES (1004, 1, 2, 'ssit0004',	'yong1237',	'곽만식', 'ssit0004@gmail.com',	'010-3548-6183',	'1998-03-26',	0,	'Y'	, SYSDATE,'N');
INSERT INTO ouser (userid, memid, AUTHID, USERLOGINID, USERPASSWORD, USERNAME, USEREMAIL, USERTEL, USERBIRTH, USERPOINT, USERSMSAGREE, USERJOINDATE, USEREMAILAGREE)
            VALUES (1005, 3, 2, 'ssit0005',	'yong1238',	'주윤발', 'ssit0005@naver.com',	'010-3497-3698',	'2000-01-09', 158, 'N'	, SYSDATE,'N');
INSERT INTO ouser (userid, memid, AUTHID, USERLOGINID, USERPASSWORD, USERNAME, USEREMAIL, USERTEL, USERBIRTH, USERPOINT, USERSMSAGREE, USERJOINDATE, USEREMAILAGREE)
            VALUES (1006, 3, 2, 'ssit0006',	'yong1239',	'김나라', 'ssit0006@nate.com',	'010-4152-3694',	'2001-08-09',	344, 'N', SYSDATE,'N');
INSERT INTO ouser (userid, memid, AUTHID, USERLOGINID, USERPASSWORD, USERNAME, USEREMAIL, USERTEL, USERBIRTH, USERPOINT, USERSMSAGREE, USERJOINDATE, USEREMAILAGREE)
            VALUES (1007, 1, 2, 'ssit0007',	'yong1240',	'김꽉꽉', 'ssit0007@naver.com',	'010-5574-3478',	'2002-11-17',	0,	'N'	, SYSDATE,'N');
INSERT INTO ouser (userid, memid, AUTHID, USERLOGINID, USERPASSWORD, USERNAME, USEREMAIL, USERTEL, USERBIRTH, USERPOINT, USERSMSAGREE, USERJOINDATE, USEREMAILAGREE)
            VALUES (1008, 1, 2, 'ssit0008',	'yong1241',	'최망나니', 'ssit0008@naver.com',	'010-1111-2222',	'2003-12-14',	0,	'Y'	, SYSDATE,'N');
INSERT INTO ouser (userid, memid, AUTHID, USERLOGINID, USERPASSWORD, USERNAME, USEREMAIL, USERTEL, USERBIRTH, USERPOINT, USERSMSAGREE, USERJOINDATE, USEREMAILAGREE)
            VALUES (1009, 2, 2, 'ssit0009',	'yong1242',	'하남자', 'ssit0009@gmail.com',	'010-3333-4444',	'2004-06-13',	721,'N'	, SYSDATE,'N');
INSERT INTO ouser (userid, memid, AUTHID, USERLOGINID, USERPASSWORD, USERNAME, USEREMAIL, USERTEL, USERBIRTH, USERPOINT, USERSMSAGREE, USERJOINDATE, USEREMAILAGREE)
            VALUES (1010, 2, 2, 'ssit0010',	'yong1243',	'상남자', 'ssit0010@gmail.com',	'010-7788-8899',	'1997-04-22',	423,'Y'	, SYSDATE,'N');
INSERT INTO ouser (userid, memid, AUTHID, USERLOGINID, USERPASSWORD, USERNAME, USEREMAIL, USERTEL, USERBIRTH, USERPOINT, USERSMSAGREE, USERJOINDATE, USEREMAILAGREE)
            VALUES (1011, 2, 2, 'ssit0011',	'yong1244',	'원충희', 'ssit0011@daum.net',	'010-6677-6622',	'2010-10-08',	721,'Y'	, SYSDATE,'N');
INSERT INTO ouser (userid, memid, AUTHID, USERLOGINID, USERPASSWORD, USERNAME, USEREMAIL, USERTEL, USERBIRTH, USERPOINT, USERSMSAGREE, USERJOINDATE, USEREMAILAGREE)
            VALUES (1012, 2, 2,	'ssit0012',	'yong1245',	'이시훈', 'ssit0012@kakao.com',	'010-3344-7456',	'2007-05-12',	1257, 'N', SYSDATE	,'N');
INSERT INTO ouser (userid, memid, AUTHID, USERLOGINID, USERPASSWORD, USERNAME, USEREMAIL, USERTEL, USERBIRTH, USERPOINT, USERSMSAGREE, USERJOINDATE, USEREMAILAGREE)
            VALUES (1013, 1, 2,	'ssit0013',	'yong1246',	'전재윤', 'ssit0013@kakao.com',	'010-1999-9991',	'2005-06-11',	0,	'N', SYSDATE	,'N');
INSERT INTO ouser (userid, memid, AUTHID, USERLOGINID, USERPASSWORD, USERNAME, USEREMAIL, USERTEL, USERBIRTH, USERPOINT, USERSMSAGREE, USERJOINDATE, USEREMAILAGREE)
            VALUES (1014, 1, 2,	'ssit0014',	'yong1247',	'송세호', 'ssit0014@naver.com',	'010-1998-3369',	'1999-10-20',	306, 'Y', SYSDATE	,'N');
INSERT INTO ouser (userid, memid, AUTHID, USERLOGINID, USERPASSWORD, USERNAME, USEREMAIL, USERTEL, USERBIRTH, USERPOINT, USERSMSAGREE, USERJOINDATE, USEREMAILAGREE)
            VALUES (1015, 1, 2,	'ssit0015',	'yong1248',	'김선우', 'ssit0015@naver.com',	'010-1147-2258',	'1996-05-01',	0,	'N'	, SYSDATE,'N');
INSERT INTO ouser (userid, memid, AUTHID, USERLOGINID, USERPASSWORD, USERNAME, USEREMAIL, USERTEL, USERBIRTH, USERPOINT, USERSMSAGREE, USERJOINDATE, USEREMAILAGREE)
            VALUES (1016, 3, 2,	'ssit0016',	'yong1249',	'김재민', 'ssit0016@gmail.com',	'010-3361-8846',	'2000-01-14',	2371, 'N'	, SYSDATE,'N');
INSERT INTO ouser (userid, memid, AUTHID, USERLOGINID, USERPASSWORD, USERNAME, USEREMAIL, USERTEL, USERBIRTH, USERPOINT, USERSMSAGREE, USERJOINDATE, USEREMAILAGREE)
            VALUES (1017, 3, 2,	'ssit0017',	'yong1250',	'김준석', 'ssit0017@gmail.com',	'010-7896-1656',	'2003-07-16',	7321, 'Y'	, SYSDATE,'N');
INSERT INTO ouser (userid, memid, AUTHID, USERLOGINID, USERPASSWORD, USERNAME, USEREMAIL, USERTEL, USERBIRTH, USERPOINT, USERSMSAGREE, USERJOINDATE, USEREMAILAGREE)
            VALUES (1018, 1, 2,	'ssit0018',	'yong1251',	'박준용', 'ssit0018@naver.com',	'010-5610-5641',	'1989-09-09',	0,	'N'	, SYSDATE,'N');
INSERT INTO ouser (userid, memid, AUTHID, USERLOGINID, USERPASSWORD, USERNAME, USEREMAIL, USERTEL, USERBIRTH, USERPOINT, USERSMSAGREE, USERJOINDATE, USEREMAILAGREE)
            VALUES (1019, 1, 2,	'ssit0019',	'yong1252',	'최사랑', 'ssit0019@naver.com',	'010-9874-4635',	'2006-11-11',	182, 'Y'	, SYSDATE,'N');
INSERT INTO ouser (userid, memid, AUTHID, USERLOGINID, USERPASSWORD, USERNAME, USEREMAIL, USERTEL, USERBIRTH, USERPOINT, USERSMSAGREE, USERJOINDATE, USEREMAILAGREE)
            VALUES (1020, 2, 2,	'ssit0020',	'yong1253',	'김인경', 'ssit0020@daum.net',	'010-5461-8615',	'2002-07-30',	5361, 'N'	, SYSDATE,'N');

-- Order 데이터
INSERT INTO oorder VALUES (1, 1, 1001, '', '주문자', '서울시 강남구 역삼동 1', '07112', '01012345678', '', '', '2024-10-15', 30000, 0, 0, '', '신용카드', 3000);

INSERT INTO oorder 
VALUES
( 2 , 2 , 1002 , '' , '김정열' , '서울시 종로구 창신동 1','07113', '01012345666' , '', '','2024-10-17',55000,0,0,'','신용카드',0);

INSERT INTO oorder 
VALUES
( 3 , 3 , 1001 , '' , '주문자' , '서울시 강남구 역삼동 1','07132', '01012345678' , '', '','2024-10-18',37000,0,0,'','계좌이체',0);

INSERT INTO oorder 
VALUES
( 4 , 4 , 1003 , '' , '야나기' , '서울시 강동구 롯데월드 1','07119', '01012345678' , '', '','2024-10-19',120000,0,0,'','카카오페이',0);

INSERT INTO oorder 
VALUES
( 5 , 5 , 1004 , '' , '루시' , '용인시 처인구 대덕로 1','07166', '01012545678' , '', '','2024-10-20',12000,0,0,'','토스',3000);

INSERT INTO oorder 
VALUES
( 5 , 5 , 1004 , '' , '루시' , '용인시 처인구 대덕로 1','07444', '01012545678' , '', '','2024-10-20',12000,0,0,'','토스',3000);

INSERT INTO oorder 
VALUES
( 6 , 6 , 1005 , '' , '미야기' , '대전광역시 유성구 한국로 1','04112', '01013545678' , '', '','2024-10-21',85000,0,0,'','계좌이체',0);

INSERT INTO oorder 
VALUES
( 7 , 7 , 1005 , '' , '미야기' , '대전광역시 유성구 한국로 1','07912', '01013545698' , '', '','2024-10-24',65000,0,0,'','신용카드',0);

INSERT INTO oorder 
VALUES
( 8 , 8 , 1006 , '' , '페이커' , '서울시 강남구 역삼동 21','01112', '01011545698' , '', '','2024-11-05',19000,0,0,'','신용카드',3000);

-- Review 데이터
INSERT INTO oreview VALUES (1, 1001, 1, '', '이번에 처음 사봤는데 좋네요', '2024-10-18', 5, 8, 1, 1, 'Y', 'N', '', '', 1);

INSERT INTO oreview 
VALUES
( 2 , 1002 , 2 , '' , '친구 소개로 왔는데 정말 좋네요 다음부터 이용안하겠습니다.' , '2024-10-19', 1 , 10, 18, 2 , 'N','N','','', 1);

INSERT INTO oreview 
VALUES
( 3 , 1003 , 3 , '' , '이번에 두번째로 이용해보는데 정말 좋네요 광고 아닙니다. 사진도 올릴거임' , '2024-10-21', 5 , 10, 18, 2 , 'N','Y','','', 1);

INSERT INTO oreview 
VALUES
( 4 , 1004 , 4 , '' , '사진이랑 영상으로 퀄리티 보여드립니다' , '2024-10-23', 4 , 23, 1, 1 , 'Y','Y','','', 1);

INSERT INTO oreview 
VALUES
( 5 , 1005 , 5 , '' , '진짜 별로네요 소비자보호협회에 무슨무슨죄로 고소하다 고소해 고소미 냠냠' , '2024-10-28', 1 , 2, 52, 1 , 'N','N','','', 1);

-- Comment 데이터
INSERT INTO ocomment VALUES (1, 1, 1002, '2024-10-20', '정말 좋네요 나도 사야지');

INSERT INTO ocomment
VALUES
( 2 , 2 , 1002  , '2024-10-20','내가 언제 이런 글을 썼지?');

INSERT INTO ocomment
VALUES
( 3 , 2 , 1003  , '2024-10-21','하하 이자식 완전 바보로구만');

INSERT INTO ocomment
VALUES
( 4 , 3 , 1001  , '2024-10-22','사진 좋네요 사진작가세요?');

INSERT INTO ocomment
VALUES
( 5 , 3 , 1002  , '2024-10-23','이거 바이럴입니다 백퍼센또');

INSERT INTO ocomment
VALUES
( 6 , 4 , 1002  , '2024-10-25','와 퀄리티 보소~~ > ,, <');

INSERT INTO ocomment
VALUES
( 7 , 5 , 1001  , '2024-10-29','어떻게 하나요?');

INSERT INTO ocomment
VALUES
( 8 , 5 , 1004  , '2024-10-29','비~~상~~');

-- 제품-컬러 매핑
INSERT INTO OPDTCOLOR (PDTID, COLORID) VALUES (1, 1);

INSERT INTO OPDTCOLOR (PDTID, COLORID) 
VALUES (2, 11);

INSERT INTO OPDTCOLOR (PDTID, COLORID) 
VALUES (3, 1);

INSERT INTO OPDTCOLOR (PDTID, COLORID) 
VALUES (4, 2);

INSERT INTO OPDTCOLOR (PDTID, COLORID) 
VALUES (5, 5);

INSERT INTO OPDTCOLOR (PDTID, COLORID) 
VALUES (5, 14);

INSERT INTO OPDTCOLOR (PDTID, COLORID) 
VALUES (6, 1);

INSERT INTO OPDTCOLOR (PDTID, COLORID) 
VALUES (6, 5);

INSERT INTO OPDTCOLOR (PDTID, COLORID) 
VALUES (6, 12);

INSERT INTO OPDTCOLOR (PDTID, COLORID) 
VALUES (7, 1);

INSERT INTO OPDTCOLOR (PDTID, COLORID) 
VALUES (8, 11);

INSERT INTO OPDTCOLOR (PDTID, COLORID) 
VALUES (8, 12);

INSERT INTO OPDTCOLOR (PDTID, COLORID) 
VALUES (9, 4);

INSERT INTO OPDTCOLOR (PDTID, COLORID) 
VALUES (10, 1);

-- 제품-디자인 매핑
INSERT INTO OPDTDESIGN (PDTID, DESIGNID) VALUES (1, 1);

INSERT INTO OPDTDESIGN (PDTID, DESIGNID) 
VALUES (1, 6);

INSERT INTO OPDTDESIGN (PDTID, DESIGNID) 
VALUES (2, 1);

INSERT INTO OPDTDESIGN (PDTID, DESIGNID) 
VALUES (3, 1);

INSERT INTO OPDTDESIGN (PDTID, DESIGNID) 
VALUES (3, 6);

INSERT INTO OPDTDESIGN (PDTID, DESIGNID) 
VALUES (4, 1);

INSERT INTO OPDTDESIGN (PDTID, DESIGNID) 
VALUES (5, 1);

INSERT INTO OPDTDESIGN (PDTID, DESIGNID) 
VALUES (5, 6);

INSERT INTO OPDTDESIGN (PDTID, DESIGNID) 
VALUES (5, 10);

INSERT INTO OPDTDESIGN (PDTID, DESIGNID) 
VALUES (6, 1);

INSERT INTO OPDTDESIGN (PDTID, DESIGNID) 
VALUES (7, 1);

INSERT INTO OPDTDESIGN (PDTID, DESIGNID) 
VALUES (7, 3);

INSERT INTO OPDTDESIGN (PDTID, DESIGNID) 
VALUES (8, 1);

INSERT INTO OPDTDESIGN (PDTID, DESIGNID) 
VALUES (9, 1);

INSERT INTO OPDTDESIGN (PDTID, DESIGNID) 
VALUES (10, 1);

INSERT INTO OPDTDESIGN (PDTID, DESIGNID) 
VALUES (10, 3);


-- 제품-라인업 매핑
INSERT INTO OPDTLINEUP (PDTID, LINEUPID) VALUES (1, 3);

INSERT INTO OPDTLINEUP (PDTID, LINEUPID) 
VALUES (5, 3);

INSERT INTO OPDTLINEUP (PDTID, LINEUPID) 
VALUES (7, 2);

INSERT INTO OPDTLINEUP (PDTID, LINEUPID) 
VALUES (9, 2);

INSERT INTO OPDTLINEUP (PDTID, LINEUPID) 
VALUES (10, 3);

-- Coupon 데이터
INSERT INTO OCOUPON (CPNID, CPNINFO, CPNDISCOUNTTYPE, CPNDISCOUNTRATE, CPNMAXAMOUNT, CPNCONTYPE, CPNCONVALUE, CPNAPPLY, CPNSTARTDATE, CPNENDDATE)
VALUES (1, '[웰컴 쿠폰] 신규 회원 무료배송(2만원 이상 구매 시)', 'P', 100, 6000, 'AMOUNT', 20000, 'D', '2024-08-01', '2024-08-31');

INSERT INTO OCOUPON (CPNID, CPNINFO, CPNDISCOUNTTYPE, CPNDISCOUNTRATE, CPNMAXAMOUNT, CPNCONTYPE, CPNCONVALUE, CPNAPPLY, CPNSTARTDATE, CPNENDDATE)
VALUES (2, '전 품목 20% 할인 최대 10,000원', 'P', 20, 10000, 'ALL', 0, 'P', '2024-08-01', '2024-08-31' ); 
INSERT INTO OCOUPON (CPNID, CPNINFO, CPNDISCOUNTTYPE, CPNDISCOUNTRATE, CPNMAXAMOUNT, CPNCONTYPE, CPNCONVALUE, CPNAPPLY, CPNSTARTDATE, CPNENDDATE)
VALUES (3, '네일 카테고리 품목 5,000원 할인', 'F', 100, 5000, 'CATEGORY', 1, 'P', '2024-08-15', '2024-08-29' ); 
INSERT INTO OCOUPON (CPNID, CPNINFO, CPNDISCOUNTTYPE, CPNDISCOUNTRATE, CPNMAXAMOUNT, CPNCONTYPE, CPNCONVALUE, CPNAPPLY, CPNSTARTDATE, CPNENDDATE)
VALUES (4, '3만원 이상 구매 시 배송비 무료', 'P', 100, 6000, 'AMOUNT', 30000, 'D', '2024-08-01', '2024-08-15' ); 

-- Issued Coupon 데이터
INSERT INTO OISSUEDCOUPON (ICPNID, USERID, CPNID, ICPNISSUEDATE, ICPNISUSED)
VALUES (1, 1005, 2, SYSDATE, 'N');

INSERT INTO OISSUEDCOUPON (ICPNID, USERID, CPNID, ICPNISSUEDATE, ICPNISUSED)
VALUES (2, 1005, 3, SYSDATE, 'N');
INSERT INTO OISSUEDCOUPON (ICPNID, USERID, CPNID, ICPNISSUEDATE, ICPNISUSED)
VALUES (3, 1005, 1, SYSDATE, 'N');
INSERT INTO OISSUEDCOUPON (ICPNID, USERID, CPNID, ICPNISSUEDATE, ICPNISUSED)
VALUES (4, 1005, 4, SYSDATE, 'Y');

-- Address 데이터
INSERT INTO OADDRESS (ADDRID, USERID, ADDRNICK, ADDRNAME, ADDRHTEL, ADDRTEL, ADDRADDRESS, ADDRZIPCODE, ADDRMAIN)
VALUES (80, 1001, '집', '김덕춘', '02-543-2031', '010-1234-5678', '서울 강남구 서초동 112', '13311', 'Y');

-- Review URL 파일 데이터
INSERT INTO orevurl VALUES (1, 3, 'eca2cf24df7f0b57.webp', 'eca2cf24df7f0b57.webp', 10000);
INSERT INTO orevurl VALUES (2, 4, '5862d5a348b87057.webp', '5862d5a348b87057.webp', 10000);

-- 이미지 URL 업데이트
UPDATE oproduct SET pdtimgurl = MOD(pdtid - 1, 24) + 1;
UPDATE oproduct SET pdtimgurl = pdtid WHERE pdtid BETWEEN 169 AND 175;

COMMIT;

-- 일반 상품 이미지
UPDATE oproduct SET pdtimgurl = '/projectOhora/resources/images/productimage/productimg7.jpg' WHERE pdtid = 1;
UPDATE oproduct SET pdtimgurl = '/projectOhora/resources/images/productimage/productimg2.jpg' WHERE pdtid = 2;
UPDATE oproduct SET pdtimgurl = '/projectOhora/resources/images/productimage/productimg5.jpg' WHERE pdtid = 3;
UPDATE oproduct SET pdtimgurl = '/projectOhora/resources/images/productimage/productimg3.jpg' WHERE pdtid = 4;
UPDATE oproduct SET pdtimgurl = '/projectOhora/resources/images/productimage/productimg8.jpg' WHERE pdtid = 5;
UPDATE oproduct SET pdtimgurl = '/projectOhora/resources/images/productimage/productimg4.jpg' WHERE pdtid = 6;
UPDATE oproduct SET pdtimgurl = '/projectOhora/resources/images/productimage/productimg6.jpg' WHERE pdtid = 7;
UPDATE oproduct SET pdtimgurl = '/projectOhora/resources/images/productimage/productimg1.jpg' WHERE pdtid = 8;
UPDATE oproduct SET pdtimgurl = '/projectOhora/resources/images/productimage/productimg7.jpg' WHERE pdtid = 9;
UPDATE oproduct SET pdtimgurl = '/projectOhora/resources/images/productimage/productimg5.jpg' WHERE pdtid = 10;
UPDATE oproduct SET pdtimgurl = '/projectOhora/resources/images/productimage/productimg2.jpg' WHERE pdtid = 11;
UPDATE oproduct SET pdtimgurl = '/projectOhora/resources/images/productimage/productimg3.jpg' WHERE pdtid = 12;
UPDATE oproduct SET pdtimgurl = '/projectOhora/resources/images/productimage/productimg8.jpg' WHERE pdtid = 13;
UPDATE oproduct SET pdtimgurl = '/projectOhora/resources/images/productimage/productimg6.jpg' WHERE pdtid = 14;
UPDATE oproduct SET pdtimgurl = '/projectOhora/resources/images/productimage/productimg4.jpg' WHERE pdtid = 15;
UPDATE oproduct SET pdtimgurl = '/projectOhora/resources/images/productimage/productimg1.jpg' WHERE pdtid = 16;
UPDATE oproduct SET pdtimgurl = '/projectOhora/resources/images/productimage/productimg7.jpg' WHERE pdtid = 17;
UPDATE oproduct SET pdtimgurl = '/projectOhora/resources/images/productimage/productimg5.jpg' WHERE pdtid = 18;
UPDATE oproduct SET pdtimgurl = '/projectOhora/resources/images/productimage/productimg2.jpg' WHERE pdtid = 19;
UPDATE oproduct SET pdtimgurl = '/projectOhora/resources/images/productimage/productimg3.jpg' WHERE pdtid = 20;
UPDATE oproduct SET pdtimgurl = '/projectOhora/resources/images/productimage/productimg6.jpg' WHERE pdtid = 21;
UPDATE oproduct SET pdtimgurl = '/projectOhora/resources/images/productimage/productimg8.jpg' WHERE pdtid = 22;
UPDATE oproduct SET pdtimgurl = '/projectOhora/resources/images/productimage/productimg4.jpg' WHERE pdtid = 23;
UPDATE oproduct SET pdtimgurl = '/projectOhora/resources/images/productimage/productimg1.jpg' WHERE pdtid = 24;
UPDATE oproduct SET pdtimgurl = '/projectOhora/resources/images/productimage/productimg5.jpg' WHERE pdtid = 25;
UPDATE oproduct SET pdtimgurl = '/projectOhora/resources/images/productimage/productimg7.jpg' WHERE pdtid = 26;
UPDATE oproduct SET pdtimgurl = '/projectOhora/resources/images/productimage/productimg2.jpg' WHERE pdtid = 27;
UPDATE oproduct SET pdtimgurl = '/projectOhora/resources/images/productimage/productimg3.jpg' WHERE pdtid = 28;
UPDATE oproduct SET pdtimgurl = '/projectOhora/resources/images/productimage/productimg6.jpg' WHERE pdtid = 29;
UPDATE oproduct SET pdtimgurl = '/projectOhora/resources/images/productimage/productimg4.jpg' WHERE pdtid = 30;
UPDATE oproduct SET pdtimgurl = '/projectOhora/resources/images/productimage/productimg8.jpg' WHERE pdtid = 31;
UPDATE oproduct SET pdtimgurl = '/projectOhora/resources/images/productimage/productimg5.jpg' WHERE pdtid = 32;
UPDATE oproduct SET pdtimgurl = '/projectOhora/resources/images/productimage/productimg7.jpg' WHERE pdtid = 33;
UPDATE oproduct SET pdtimgurl = '/projectOhora/resources/images/productimage/productimg2.jpg' WHERE pdtid = 34;
UPDATE oproduct SET pdtimgurl = '/projectOhora/resources/images/productimage/productimg3.jpg' WHERE pdtid = 35;
UPDATE oproduct SET pdtimgurl = '/projectOhora/resources/images/productimage/productimg6.jpg' WHERE pdtid = 36;
UPDATE oproduct SET pdtimgurl = '/projectOhora/resources/images/productimage/productimg1.jpg' WHERE pdtid = 37;
UPDATE oproduct SET pdtimgurl = '/projectOhora/resources/images/productimage/productimg8.jpg' WHERE pdtid = 38;
UPDATE oproduct SET pdtimgurl = '/projectOhora/resources/images/productimage/productimg7.jpg' WHERE pdtid = 39;
UPDATE oproduct SET pdtimgurl = '/projectOhora/resources/images/productimage/productimg5.jpg' WHERE pdtid = 40;
UPDATE oproduct SET pdtimgurl = '/projectOhora/resources/images/productimage/productimg4.jpg' WHERE pdtid = 41;
UPDATE oproduct SET pdtimgurl = '/projectOhora/resources/images/productimage/productimg6.jpg' WHERE pdtid = 42;
UPDATE oproduct SET pdtimgurl = '/projectOhora/resources/images/productimage/productimg3.jpg' WHERE pdtid = 43;
UPDATE oproduct SET pdtimgurl = '/projectOhora/resources/images/productimage/productimg2.jpg' WHERE pdtid = 44;
UPDATE oproduct SET pdtimgurl = '/projectOhora/resources/images/productimage/productimg5.jpg' WHERE pdtid = 45;
UPDATE oproduct SET pdtimgurl = '/projectOhora/resources/images/productimage/productimg1.jpg' WHERE pdtid = 46;
UPDATE oproduct SET pdtimgurl = '/projectOhora/resources/images/productimage/productimg4.jpg' WHERE pdtid = 47;
UPDATE oproduct SET pdtimgurl = '/projectOhora/resources/images/productimage/productimg6.jpg' WHERE pdtid = 48;
UPDATE oproduct SET pdtimgurl = '/projectOhora/resources/images/productimage/productimg7.jpg' WHERE pdtid = 49;
UPDATE oproduct SET pdtimgurl = '/projectOhora/resources/images/productimage/productimg2.jpg' WHERE pdtid = 50;
UPDATE oproduct SET pdtimgurl = '/projectOhora/resources/images/productimage/productimg8.jpg' WHERE pdtid = 51;
UPDATE oproduct SET pdtimgurl = '/projectOhora/resources/images/productimage/productimg3.jpg' WHERE pdtid = 52;
UPDATE oproduct SET pdtimgurl = '/projectOhora/resources/images/productimage/productimg5.jpg' WHERE pdtid = 53;
UPDATE oproduct SET pdtimgurl = '/projectOhora/resources/images/productimage/productimg1.jpg' WHERE pdtid = 54;
UPDATE oproduct SET pdtimgurl = '/projectOhora/resources/images/productimage/productimg6.jpg' WHERE pdtid = 55;
UPDATE oproduct SET pdtimgurl = '/projectOhora/resources/images/productimage/productimg4.jpg' WHERE pdtid = 56;
UPDATE oproduct SET pdtimgurl = '/projectOhora/resources/images/productimage/productimg7.jpg' WHERE pdtid = 57;
UPDATE oproduct SET pdtimgurl = '/projectOhora/resources/images/productimage/productimg2.jpg' WHERE pdtid = 58;
UPDATE oproduct SET pdtimgurl = '/projectOhora/resources/images/productimage/productimg8.jpg' WHERE pdtid = 59;
UPDATE oproduct SET pdtimgurl = '/projectOhora/resources/images/productimage/productimg5.jpg' WHERE pdtid = 60;
UPDATE oproduct SET pdtimgurl = '/projectOhora/resources/images/productimage/productimg3.jpg' WHERE pdtid = 61;
UPDATE oproduct SET pdtimgurl = '/projectOhora/resources/images/productimage/productimg1.jpg' WHERE pdtid = 62;
UPDATE oproduct SET pdtimgurl = '/projectOhora/resources/images/productimage/productimg4.jpg' WHERE pdtid = 63;
UPDATE oproduct SET pdtimgurl = '/projectOhora/resources/images/productimage/productimg7.jpg' WHERE pdtid = 64;
UPDATE oproduct SET pdtimgurl = '/projectOhora/resources/images/productimage/productimg2.jpg' WHERE pdtid = 65;
UPDATE oproduct SET pdtimgurl = '/projectOhora/resources/images/productimage/productimg5.jpg' WHERE pdtid = 66;
UPDATE oproduct SET pdtimgurl = '/projectOhora/resources/images/productimage/productimg3.jpg' WHERE pdtid = 67;
UPDATE oproduct SET pdtimgurl = '/projectOhora/resources/images/productimage/productimg6.jpg' WHERE pdtid = 68;
UPDATE oproduct SET pdtimgurl = '/projectOhora/resources/images/productimage/productimg1.jpg' WHERE pdtid = 69;
UPDATE oproduct SET pdtimgurl = '/projectOhora/resources/images/productimage/productimg4.jpg' WHERE pdtid = 70;
UPDATE oproduct SET pdtimgurl = '/projectOhora/resources/images/productimage/productimg8.jpg' WHERE pdtid = 71;
UPDATE oproduct SET pdtimgurl = '/projectOhora/resources/images/productimage/productimg7.jpg' WHERE pdtid = 72;
UPDATE oproduct SET pdtimgurl = '/projectOhora/resources/images/productimage/productimg5.jpg' WHERE pdtid = 73;
UPDATE oproduct SET pdtimgurl = '/projectOhora/resources/images/productimage/productimg2.jpg' WHERE pdtid = 74;
UPDATE oproduct SET pdtimgurl = '/projectOhora/resources/images/productimage/productimg3.jpg' WHERE pdtid = 75;
UPDATE oproduct SET pdtimgurl = '/projectOhora/resources/images/productimage/productimg6.jpg' WHERE pdtid = 76;
UPDATE oproduct SET pdtimgurl = '/projectOhora/resources/images/productimage/productimg1.jpg' WHERE pdtid = 77;
UPDATE oproduct SET pdtimgurl = '/projectOhora/resources/images/productimage/productimg4.jpg' WHERE pdtid = 78;
UPDATE oproduct SET pdtimgurl = '/projectOhora/resources/images/productimage/productimg7.jpg' WHERE pdtid = 79;
UPDATE oproduct SET pdtimgurl = '/projectOhora/resources/images/productimage/productimg2.jpg' WHERE pdtid = 80;
UPDATE oproduct SET pdtimgurl = '/projectOhora/resources/images/productimage/productimg8.jpg' WHERE pdtid = 81;
UPDATE oproduct SET pdtimgurl = '/projectOhora/resources/images/productimage/productimg5.jpg' WHERE pdtid = 82;
UPDATE oproduct SET pdtimgurl = '/projectOhora/resources/images/productimage/productimg3.jpg' WHERE pdtid = 83;
UPDATE oproduct SET pdtimgurl = '/projectOhora/resources/images/productimage/productimg6.jpg' WHERE pdtid = 84;
UPDATE oproduct SET pdtimgurl = '/projectOhora/resources/images/productimage/productimg1.jpg' WHERE pdtid = 85;
UPDATE oproduct SET pdtimgurl = '/projectOhora/resources/images/productimage/productimg4.jpg' WHERE pdtid = 86;
UPDATE oproduct SET pdtimgurl = '/projectOhora/resources/images/productimage/productimg7.jpg' WHERE pdtid = 87;
UPDATE oproduct SET pdtimgurl = '/projectOhora/resources/images/productimage/productimg2.jpg' WHERE pdtid = 88;
UPDATE oproduct SET pdtimgurl = '/projectOhora/resources/images/productimage/productimg5.jpg' WHERE pdtid = 89;
UPDATE oproduct SET pdtimgurl = '/projectOhora/resources/images/productimage/productimg8.jpg' WHERE pdtid = 90;
UPDATE oproduct SET pdtimgurl = '/projectOhora/resources/images/productimage/productimg6.jpg' WHERE pdtid = 91;
UPDATE oproduct SET pdtimgurl = '/projectOhora/resources/images/productimage/productimg3.jpg' WHERE pdtid = 92;
UPDATE oproduct SET pdtimgurl = '/projectOhora/resources/images/productimage/productimg1.jpg' WHERE pdtid = 93;
UPDATE oproduct SET pdtimgurl = '/projectOhora/resources/images/productimage/productimg4.jpg' WHERE pdtid = 94;
UPDATE oproduct SET pdtimgurl = '/projectOhora/resources/images/productimage/productimg7.jpg' WHERE pdtid = 95;
UPDATE oproduct SET pdtimgurl = '/projectOhora/resources/images/productimage/productimg5.jpg' WHERE pdtid = 96;
UPDATE oproduct SET pdtimgurl = '/projectOhora/resources/images/productimage/productimg2.jpg' WHERE pdtid = 97;
UPDATE oproduct SET pdtimgurl = '/projectOhora/resources/images/productimage/productimg6.jpg' WHERE pdtid = 98;
UPDATE oproduct SET pdtimgurl = '/projectOhora/resources/images/productimage/productimg3.jpg' WHERE pdtid = 99;
UPDATE oproduct SET pdtimgurl = '/projectOhora/resources/images/productimage/productimg1.jpg' WHERE pdtid = 100;
UPDATE oproduct SET pdtimgurl = '/projectOhora/resources/images/productimage/productimg8.jpg' WHERE pdtid = 101;
UPDATE oproduct SET pdtimgurl = '/projectOhora/resources/images/productimage/productimg6.jpg' WHERE pdtid = 102;
UPDATE oproduct SET pdtimgurl = '/projectOhora/resources/images/productimage/productimg3.jpg' WHERE pdtid = 103;
UPDATE oproduct SET pdtimgurl = '/projectOhora/resources/images/productimage/productimg5.jpg' WHERE pdtid = 104;
UPDATE oproduct SET pdtimgurl = '/projectOhora/resources/images/productimage/productimg1.jpg' WHERE pdtid = 105;
UPDATE oproduct SET pdtimgurl = '/projectOhora/resources/images/productimage/productimg7.jpg' WHERE pdtid = 106;
UPDATE oproduct SET pdtimgurl = '/projectOhora/resources/images/productimage/productimg4.jpg' WHERE pdtid = 107;
UPDATE oproduct SET pdtimgurl = '/projectOhora/resources/images/productimage/productimg2.jpg' WHERE pdtid = 108;
UPDATE oproduct SET pdtimgurl = '/projectOhora/resources/images/productimage/productimg6.jpg' WHERE pdtid = 109;
UPDATE oproduct SET pdtimgurl = '/projectOhora/resources/images/productimage/productimg8.jpg' WHERE pdtid = 110;
UPDATE oproduct SET pdtimgurl = '/projectOhora/resources/images/productimage/productimg3.jpg' WHERE pdtid = 111;
UPDATE oproduct SET pdtimgurl = '/projectOhora/resources/images/productimage/productimg1.jpg' WHERE pdtid = 112;
UPDATE oproduct SET pdtimgurl = '/projectOhora/resources/images/productimage/productimg4.jpg' WHERE pdtid = 113;
UPDATE oproduct SET pdtimgurl = '/projectOhora/resources/images/productimage/productimg7.jpg' WHERE pdtid = 114;
UPDATE oproduct SET pdtimgurl = '/projectOhora/resources/images/productimage/productimg5.jpg' WHERE pdtid = 115;
UPDATE oproduct SET pdtimgurl = '/projectOhora/resources/images/productimage/productimg2.jpg' WHERE pdtid = 116;
UPDATE oproduct SET pdtimgurl = '/projectOhora/resources/images/productimage/productimg6.jpg' WHERE pdtid = 117;
UPDATE oproduct SET pdtimgurl = '/projectOhora/resources/images/productimage/productimg8.jpg' WHERE pdtid = 118;
UPDATE oproduct SET pdtimgurl = '/projectOhora/resources/images/productimage/productimg3.jpg' WHERE pdtid = 119;
UPDATE oproduct SET pdtimgurl = '/projectOhora/resources/images/productimage/productimg1.jpg' WHERE pdtid = 120;
UPDATE oproduct SET pdtimgurl = '/projectOhora/resources/images/productimage/productimg5.jpg' WHERE pdtid = 121;
UPDATE oproduct SET pdtimgurl = '/projectOhora/resources/images/productimage/productimg7.jpg' WHERE pdtid = 122;
UPDATE oproduct SET pdtimgurl = '/projectOhora/resources/images/productimage/productimg4.jpg' WHERE pdtid = 123;
UPDATE oproduct SET pdtimgurl = '/projectOhora/resources/images/productimage/productimg2.jpg' WHERE pdtid = 124;
UPDATE oproduct SET pdtimgurl = '/projectOhora/resources/images/productimage/productimg6.jpg' WHERE pdtid = 125;
UPDATE oproduct SET pdtimgurl = '/projectOhora/resources/images/productimage/productimg8.jpg' WHERE pdtid = 126;
UPDATE oproduct SET pdtimgurl = '/projectOhora/resources/images/productimage/productimg3.jpg' WHERE pdtid = 127;
UPDATE oproduct SET pdtimgurl = '/projectOhora/resources/images/productimage/productimg1.jpg' WHERE pdtid = 128;
UPDATE oproduct SET pdtimgurl = '/projectOhora/resources/images/productimage/productimg4.jpg' WHERE pdtid = 129;
UPDATE oproduct SET pdtimgurl = '/projectOhora/resources/images/productimage/productimg7.jpg' WHERE pdtid = 130;
UPDATE oproduct SET pdtimgurl = '/projectOhora/resources/images/productimage/productimg5.jpg' WHERE pdtid = 131;
UPDATE oproduct SET pdtimgurl = '/projectOhora/resources/images/productimage/productimg2.jpg' WHERE pdtid = 132;
UPDATE oproduct SET pdtimgurl = '/projectOhora/resources/images/productimage/productimg6.jpg' WHERE pdtid = 133;
UPDATE oproduct SET pdtimgurl = '/projectOhora/resources/images/productimage/productimg8.jpg' WHERE pdtid = 134;
UPDATE oproduct SET pdtimgurl = '/projectOhora/resources/images/productimage/productimg3.jpg' WHERE pdtid = 135;
UPDATE oproduct SET pdtimgurl = '/projectOhora/resources/images/productimage/productimg1.jpg' WHERE pdtid = 136;
UPDATE oproduct SET pdtimgurl = '/projectOhora/resources/images/productimage/productimg4.jpg' WHERE pdtid = 137;
UPDATE oproduct SET pdtimgurl = '/projectOhora/resources/images/productimage/productimg7.jpg' WHERE pdtid = 138;
UPDATE oproduct SET pdtimgurl = '/projectOhora/resources/images/productimage/productimg5.jpg' WHERE pdtid = 139;
UPDATE oproduct SET pdtimgurl = '/projectOhora/resources/images/productimage/productimg2.jpg' WHERE pdtid = 140;
UPDATE oproduct SET pdtimgurl = '/projectOhora/resources/images/productimage/productimg6.jpg' WHERE pdtid = 141;
UPDATE oproduct SET pdtimgurl = '/projectOhora/resources/images/productimage/productimg8.jpg' WHERE pdtid = 142;
UPDATE oproduct SET pdtimgurl = '/projectOhora/resources/images/productimage/productimg3.jpg' WHERE pdtid = 143;
UPDATE oproduct SET pdtimgurl = '/projectOhora/resources/images/productimage/productimg1.jpg' WHERE pdtid = 144;
UPDATE oproduct SET pdtimgurl = '/projectOhora/resources/images/productimage/productimg4.jpg' WHERE pdtid = 145;
UPDATE oproduct SET pdtimgurl = '/projectOhora/resources/images/productimage/productimg7.jpg' WHERE pdtid = 146;
UPDATE oproduct SET pdtimgurl = '/projectOhora/resources/images/productimage/productimg5.jpg' WHERE pdtid = 147;
UPDATE oproduct SET pdtimgurl = '/projectOhora/resources/images/productimage/productimg2.jpg' WHERE pdtid = 148;
UPDATE oproduct SET pdtimgurl = '/projectOhora/resources/images/productimage/productimg6.jpg' WHERE pdtid = 149;
UPDATE oproduct SET pdtimgurl = '/projectOhora/resources/images/productimage/productimg8.jpg' WHERE pdtid = 150;
UPDATE oproduct SET pdtimgurl = '/projectOhora/resources/images/productimage/productimg3.jpg' WHERE pdtid = 151;
UPDATE oproduct SET pdtimgurl = '/projectOhora/resources/images/productimage/productimg1.jpg' WHERE pdtid = 152;
UPDATE oproduct SET pdtimgurl = '/projectOhora/resources/images/productimage/productimg4.jpg' WHERE pdtid = 153;
UPDATE oproduct SET pdtimgurl = '/projectOhora/resources/images/productimage/productimg7.jpg' WHERE pdtid = 154;
UPDATE oproduct SET pdtimgurl = '/projectOhora/resources/images/productimage/productimg5.jpg' WHERE pdtid = 155;
UPDATE oproduct SET pdtimgurl = '/projectOhora/resources/images/productimage/productimg2.jpg' WHERE pdtid = 156;
UPDATE oproduct SET pdtimgurl = '/projectOhora/resources/images/productimage/productimg6.jpg' WHERE pdtid = 157;
UPDATE oproduct SET pdtimgurl = '/projectOhora/resources/images/productimage/productimg8.jpg' WHERE pdtid = 158;
UPDATE oproduct SET pdtimgurl = '/projectOhora/resources/images/productimage/productimg3.jpg' WHERE pdtid = 159;
UPDATE oproduct SET pdtimgurl = '/projectOhora/resources/images/productimage/productimg1.jpg' WHERE pdtid = 160;
UPDATE oproduct SET pdtimgurl = '/projectOhora/resources/images/productimage/productimg4.jpg' WHERE pdtid = 161;
UPDATE oproduct SET pdtimgurl = '/projectOhora/resources/images/productimage/productimg7.jpg' WHERE pdtid = 162;
UPDATE oproduct SET pdtimgurl = '/projectOhora/resources/images/productimage/productimg5.jpg' WHERE pdtid = 163;
UPDATE oproduct SET pdtimgurl = '/projectOhora/resources/images/productimage/productimg2.jpg' WHERE pdtid = 164;
UPDATE oproduct SET pdtimgurl = '/projectOhora/resources/images/productimage/productimg6.jpg' WHERE pdtid = 165;
UPDATE oproduct SET pdtimgurl = '/projectOhora/resources/images/productimage/productimg8.jpg' WHERE pdtid = 166;
UPDATE oproduct SET pdtimgurl = '/projectOhora/resources/images/productimage/productimg3.jpg' WHERE pdtid = 167;
UPDATE oproduct SET pdtimgurl = '/projectOhora/resources/images/productimage/productimg1.jpg' WHERE pdtid = 168;
UPDATE oproduct SET pdtimgurl = '/projectOhora/resources/images/productimage/productimg4.jpg' WHERE pdtid = 169;
UPDATE oproduct SET pdtimgurl = '/projectOhora/resources/images/productimage/productimg7.jpg' WHERE pdtid = 170;
UPDATE oproduct SET pdtimgurl = '/projectOhora/resources/images/productimage/productimg5.jpg' WHERE pdtid = 171;
UPDATE oproduct SET pdtimgurl = '/projectOhora/resources/images/productimage/productimg2.jpg' WHERE pdtid = 172;
UPDATE oproduct SET pdtimgurl = '/projectOhora/resources/images/productimage/productimg6.jpg' WHERE pdtid = 173;
UPDATE oproduct SET pdtimgurl = '/projectOhora/resources/images/productimage/productimg8.jpg' WHERE pdtid = 174;
UPDATE oproduct SET pdtimgurl = '/projectOhora/resources/images/productimage/productimg3.jpg' WHERE pdtid = 175;
UPDATE oproduct SET pdtimgurl = '/projectOhora/resources/images/productimage/productimg1.jpg' WHERE pdtid = 176;
UPDATE oproduct SET pdtimgurl = '/projectOhora/resources/images/productimage/productimg4.jpg' WHERE pdtid = 177;
UPDATE oproduct SET pdtimgurl = '/projectOhora/resources/images/productimage/productimg7.jpg' WHERE pdtid = 178;
UPDATE oproduct SET pdtimgurl = '/projectOhora/resources/images/productimage/productimg5.jpg' WHERE pdtid = 179;
UPDATE oproduct SET pdtimgurl = '/projectOhora/resources/images/productimage/productimg2.jpg' WHERE pdtid = 180;
UPDATE oproduct SET pdtimgurl = '/projectOhora/resources/images/productimage/productimg6.jpg' WHERE pdtid = 181;
UPDATE oproduct SET pdtimgurl = '/projectOhora/resources/images/productimage/productimg8.jpg' WHERE pdtid = 182;
-- 추가 상품 이미지
UPDATE oproduct SET pdtimgurl = '/projectOhora/resources/images/productimage/addproductimg1.jpg' WHERE pdtid = 169;
UPDATE oproduct SET pdtimgurl = '/projectOhora/resources/images/productimage/addproductimg2.jpg' WHERE pdtid = 170;
UPDATE oproduct SET pdtimgurl = '/projectOhora/resources/images/productimage/addproductimg3.jpg' WHERE pdtid = 171;
UPDATE oproduct SET pdtimgurl = '/projectOhora/resources/images/productimage/addproductimg4.jpg' WHERE pdtid = 172;
UPDATE oproduct SET pdtimgurl = '/projectOhora/resources/images/productimage/addproductimg5.jpg' WHERE pdtid = 173;
UPDATE oproduct SET pdtimgurl = '/projectOhora/resources/images/productimage/addproductimg6.jpg' WHERE pdtid = 174;
UPDATE oproduct SET pdtimgurl = '/projectOhora/resources/images/productimage/addproductimg7.jpg' WHERE pdtid = 175;
-- 호버용 상품 이미지
UPDATE oproduct SET pdtimgurl2 = '/projectOhora/resources/images/productimage/productimg8.jpg' WHERE pdtid = 1;
UPDATE oproduct SET pdtimgurl2 = '/projectOhora/resources/images/productimage/productimg7.jpg' WHERE pdtid = 2;
UPDATE oproduct SET pdtimgurl2 = '/projectOhora/resources/images/productimage/productimg5.jpg' WHERE pdtid = 3;
UPDATE oproduct SET pdtimgurl2 = '/projectOhora/resources/images/productimage/productimg2.jpg' WHERE pdtid = 4;
UPDATE oproduct SET pdtimgurl2 = '/projectOhora/resources/images/productimage/productimg6.jpg' WHERE pdtid = 5;
UPDATE oproduct SET pdtimgurl2 = '/projectOhora/resources/images/productimage/productimg4.jpg' WHERE pdtid = 6;
UPDATE oproduct SET pdtimgurl2 = '/projectOhora/resources/images/productimage/productimg1.jpg' WHERE pdtid = 7;
UPDATE oproduct SET pdtimgurl2 = '/projectOhora/resources/images/productimage/productimg3.jpg' WHERE pdtid = 8;
UPDATE oproduct SET pdtimgurl2 = '/projectOhora/resources/images/productimage/productimg5.jpg' WHERE pdtid = 9;
UPDATE oproduct SET pdtimgurl2 = '/projectOhora/resources/images/productimage/productimg8.jpg' WHERE pdtid = 10;
UPDATE oproduct SET pdtimgurl2 = '/projectOhora/resources/images/productimage/productimg2.jpg' WHERE pdtid = 11;
UPDATE oproduct SET pdtimgurl2 = '/projectOhora/resources/images/productimage/productimg7.jpg' WHERE pdtid = 12;
UPDATE oproduct SET pdtimgurl2 = '/projectOhora/resources/images/productimage/productimg6.jpg' WHERE pdtid = 13;
UPDATE oproduct SET pdtimgurl2 = '/projectOhora/resources/images/productimage/productimg1.jpg' WHERE pdtid = 14;
UPDATE oproduct SET pdtimgurl2 = '/projectOhora/resources/images/productimage/productimg4.jpg' WHERE pdtid = 15;
UPDATE oproduct SET pdtimgurl2 = '/projectOhora/resources/images/productimage/productimg3.jpg' WHERE pdtid = 16;
UPDATE oproduct SET pdtimgurl2 = '/projectOhora/resources/images/productimage/productimg2.jpg' WHERE pdtid = 17;
UPDATE oproduct SET pdtimgurl2 = '/projectOhora/resources/images/productimage/productimg7.jpg' WHERE pdtid = 18;
UPDATE oproduct SET pdtimgurl2 = '/projectOhora/resources/images/productimage/productimg8.jpg' WHERE pdtid = 19;
UPDATE oproduct SET pdtimgurl2 = '/projectOhora/resources/images/productimage/productimg5.jpg' WHERE pdtid = 20;
UPDATE oproduct SET pdtimgurl2 = '/projectOhora/resources/images/productimage/productimg6.jpg' WHERE pdtid = 21;
UPDATE oproduct SET pdtimgurl2 = '/projectOhora/resources/images/productimage/productimg1.jpg' WHERE pdtid = 22;
UPDATE oproduct SET pdtimgurl2 = '/projectOhora/resources/images/productimage/productimg4.jpg' WHERE pdtid = 23;
UPDATE oproduct SET pdtimgurl2 = '/projectOhora/resources/images/productimage/productimg3.jpg' WHERE pdtid = 24;
UPDATE oproduct SET pdtimgurl2 = '/projectOhora/resources/images/productimage/productimg2.jpg' WHERE pdtid = 25;
UPDATE oproduct SET pdtimgurl2 = '/projectOhora/resources/images/productimage/productimg7.jpg' WHERE pdtid = 26;
UPDATE oproduct SET pdtimgurl2 = '/projectOhora/resources/images/productimage/productimg8.jpg' WHERE pdtid = 27;
UPDATE oproduct SET pdtimgurl2 = '/projectOhora/resources/images/productimage/productimg5.jpg' WHERE pdtid = 28;
UPDATE oproduct SET pdtimgurl2 = '/projectOhora/resources/images/productimage/productimg6.jpg' WHERE pdtid = 29;
UPDATE oproduct SET pdtimgurl2 = '/projectOhora/resources/images/productimage/productimg1.jpg' WHERE pdtid = 30;
UPDATE oproduct SET pdtimgurl2 = '/projectOhora/resources/images/productimage/productimg4.jpg' WHERE pdtid = 31;
UPDATE oproduct SET pdtimgurl2 = '/projectOhora/resources/images/productimage/productimg3.jpg' WHERE pdtid = 32;
UPDATE oproduct SET pdtimgurl2 = '/projectOhora/resources/images/productimage/productimg2.jpg' WHERE pdtid = 33;
UPDATE oproduct SET pdtimgurl2 = '/projectOhora/resources/images/productimage/productimg7.jpg' WHERE pdtid = 34;
UPDATE oproduct SET pdtimgurl2 = '/projectOhora/resources/images/productimage/productimg8.jpg' WHERE pdtid = 35;
UPDATE oproduct SET pdtimgurl2 = '/projectOhora/resources/images/productimage/productimg5.jpg' WHERE pdtid = 36;
UPDATE oproduct SET pdtimgurl2 = '/projectOhora/resources/images/productimage/productimg6.jpg' WHERE pdtid = 37;
UPDATE oproduct SET pdtimgurl2 = '/projectOhora/resources/images/productimage/productimg1.jpg' WHERE pdtid = 38;
UPDATE oproduct SET pdtimgurl2 = '/projectOhora/resources/images/productimage/productimg4.jpg' WHERE pdtid = 39;
UPDATE oproduct SET pdtimgurl2 = '/projectOhora/resources/images/productimage/productimg3.jpg' WHERE pdtid = 40;
UPDATE oproduct SET pdtimgurl2 = '/projectOhora/resources/images/productimage/productimg2.jpg' WHERE pdtid = 41;
UPDATE oproduct SET pdtimgurl2 = '/projectOhora/resources/images/productimage/productimg7.jpg' WHERE pdtid = 42;
UPDATE oproduct SET pdtimgurl2 = '/projectOhora/resources/images/productimage/productimg8.jpg' WHERE pdtid = 43;
UPDATE oproduct SET pdtimgurl2 = '/projectOhora/resources/images/productimage/productimg5.jpg' WHERE pdtid = 44;
UPDATE oproduct SET pdtimgurl2 = '/projectOhora/resources/images/productimage/productimg6.jpg' WHERE pdtid = 45;
UPDATE oproduct SET pdtimgurl2 = '/projectOhora/resources/images/productimage/productimg1.jpg' WHERE pdtid = 46;
UPDATE oproduct SET pdtimgurl2 = '/projectOhora/resources/images/productimage/productimg4.jpg' WHERE pdtid = 47;
UPDATE oproduct SET pdtimgurl2 = '/projectOhora/resources/images/productimage/productimg3.jpg' WHERE pdtid = 48;
UPDATE oproduct SET pdtimgurl2 = '/projectOhora/resources/images/productimage/productimg2.jpg' WHERE pdtid = 49;
UPDATE oproduct SET pdtimgurl2 = '/projectOhora/resources/images/productimage/productimg7.jpg' WHERE pdtid = 50;
UPDATE oproduct SET pdtimgurl2 = '/projectOhora/resources/images/productimage/productimg8.jpg' WHERE pdtid = 51;
UPDATE oproduct SET pdtimgurl2 = '/projectOhora/resources/images/productimage/productimg5.jpg' WHERE pdtid = 52;
UPDATE oproduct SET pdtimgurl2 = '/projectOhora/resources/images/productimage/productimg6.jpg' WHERE pdtid = 53;
UPDATE oproduct SET pdtimgurl2 = '/projectOhora/resources/images/productimage/productimg1.jpg' WHERE pdtid = 54;
UPDATE oproduct SET pdtimgurl2 = '/projectOhora/resources/images/productimage/productimg4.jpg' WHERE pdtid = 55;
UPDATE oproduct SET pdtimgurl2 = '/projectOhora/resources/images/productimage/productimg3.jpg' WHERE pdtid = 56;
UPDATE oproduct SET pdtimgurl2 = '/projectOhora/resources/images/productimage/productimg2.jpg' WHERE pdtid = 57;
UPDATE oproduct SET pdtimgurl2 = '/projectOhora/resources/images/productimage/productimg7.jpg' WHERE pdtid = 58;
UPDATE oproduct SET pdtimgurl2 = '/projectOhora/resources/images/productimage/productimg8.jpg' WHERE pdtid = 59;
UPDATE oproduct SET pdtimgurl2 = '/projectOhora/resources/images/productimage/productimg5.jpg' WHERE pdtid = 60;
UPDATE oproduct SET pdtimgurl2 = '/projectOhora/resources/images/productimage/productimg6.jpg' WHERE pdtid = 61;
UPDATE oproduct SET pdtimgurl2 = '/projectOhora/resources/images/productimage/productimg1.jpg' WHERE pdtid = 62;
UPDATE oproduct SET pdtimgurl2 = '/projectOhora/resources/images/productimage/productimg4.jpg' WHERE pdtid = 63;
UPDATE oproduct SET pdtimgurl2 = '/projectOhora/resources/images/productimage/productimg3.jpg' WHERE pdtid = 64;
UPDATE oproduct SET pdtimgurl2 = '/projectOhora/resources/images/productimage/productimg2.jpg' WHERE pdtid = 65;
UPDATE oproduct SET pdtimgurl2 = '/projectOhora/resources/images/productimage/productimg7.jpg' WHERE pdtid = 66;
UPDATE oproduct SET pdtimgurl2 = '/projectOhora/resources/images/productimage/productimg8.jpg' WHERE pdtid = 67;
UPDATE oproduct SET pdtimgurl2 = '/projectOhora/resources/images/productimage/productimg5.jpg' WHERE pdtid = 68;
UPDATE oproduct SET pdtimgurl2 = '/projectOhora/resources/images/productimage/productimg6.jpg' WHERE pdtid = 69;
UPDATE oproduct SET pdtimgurl2 = '/projectOhora/resources/images/productimage/productimg1.jpg' WHERE pdtid = 70;
UPDATE oproduct SET pdtimgurl2 = '/projectOhora/resources/images/productimage/productimg4.jpg' WHERE pdtid = 71;
UPDATE oproduct SET pdtimgurl2 = '/projectOhora/resources/images/productimage/productimg3.jpg' WHERE pdtid = 72;
UPDATE oproduct SET pdtimgurl2 = '/projectOhora/resources/images/productimage/productimg2.jpg' WHERE pdtid = 73;
UPDATE oproduct SET pdtimgurl2 = '/projectOhora/resources/images/productimage/productimg7.jpg' WHERE pdtid = 74;
UPDATE oproduct SET pdtimgurl2 = '/projectOhora/resources/images/productimage/productimg8.jpg' WHERE pdtid = 75;
UPDATE oproduct SET pdtimgurl2 = '/projectOhora/resources/images/productimage/productimg5.jpg' WHERE pdtid = 76;
UPDATE oproduct SET pdtimgurl2 = '/projectOhora/resources/images/productimage/productimg6.jpg' WHERE pdtid = 77;
UPDATE oproduct SET pdtimgurl2 = '/projectOhora/resources/images/productimage/productimg1.jpg' WHERE pdtid = 78;
UPDATE oproduct SET pdtimgurl2 = '/projectOhora/resources/images/productimage/productimg4.jpg' WHERE pdtid = 79;
UPDATE oproduct SET pdtimgurl2 = '/projectOhora/resources/images/productimage/productimg3.jpg' WHERE pdtid = 80;
UPDATE oproduct SET pdtimgurl2 = '/projectOhora/resources/images/productimage/productimg2.jpg' WHERE pdtid = 81;
UPDATE oproduct SET pdtimgurl2 = '/projectOhora/resources/images/productimage/productimg7.jpg' WHERE pdtid = 82;
UPDATE oproduct SET pdtimgurl2 = '/projectOhora/resources/images/productimage/productimg8.jpg' WHERE pdtid = 83;
UPDATE oproduct SET pdtimgurl2 = '/projectOhora/resources/images/productimage/productimg5.jpg' WHERE pdtid = 84;
UPDATE oproduct SET pdtimgurl2 = '/projectOhora/resources/images/productimage/productimg6.jpg' WHERE pdtid = 85;
UPDATE oproduct SET pdtimgurl2 = '/projectOhora/resources/images/productimage/productimg1.jpg' WHERE pdtid = 86;
UPDATE oproduct SET pdtimgurl2 = '/projectOhora/resources/images/productimage/productimg4.jpg' WHERE pdtid = 87;
UPDATE oproduct SET pdtimgurl2 = '/projectOhora/resources/images/productimage/productimg3.jpg' WHERE pdtid = 88;
UPDATE oproduct SET pdtimgurl2 = '/projectOhora/resources/images/productimage/productimg2.jpg' WHERE pdtid = 89;
UPDATE oproduct SET pdtimgurl2 = '/projectOhora/resources/images/productimage/productimg7.jpg' WHERE pdtid = 90;
UPDATE oproduct SET pdtimgurl2 = '/projectOhora/resources/images/productimage/productimg8.jpg' WHERE pdtid = 91;
UPDATE oproduct SET pdtimgurl2 = '/projectOhora/resources/images/productimage/productimg5.jpg' WHERE pdtid = 92;
UPDATE oproduct SET pdtimgurl2 = '/projectOhora/resources/images/productimage/productimg6.jpg' WHERE pdtid = 93;
UPDATE oproduct SET pdtimgurl2 = '/projectOhora/resources/images/productimage/productimg1.jpg' WHERE pdtid = 94;
UPDATE oproduct SET pdtimgurl2 = '/projectOhora/resources/images/productimage/productimg4.jpg' WHERE pdtid = 95;
UPDATE oproduct SET pdtimgurl2 = '/projectOhora/resources/images/productimage/productimg3.jpg' WHERE pdtid = 96;
UPDATE oproduct SET pdtimgurl2 = '/projectOhora/resources/images/productimage/productimg2.jpg' WHERE pdtid = 97;
UPDATE oproduct SET pdtimgurl2 = '/projectOhora/resources/images/productimage/productimg7.jpg' WHERE pdtid = 98;
UPDATE oproduct SET pdtimgurl2 = '/projectOhora/resources/images/productimage/productimg8.jpg' WHERE pdtid = 99;
UPDATE oproduct SET pdtimgurl2 = '/projectOhora/resources/images/productimage/productimg5.jpg' WHERE pdtid = 100;
UPDATE oproduct SET pdtimgurl2 = '/projectOhora/resources/images/productimage/productimg6.jpg' WHERE pdtid = 101;
UPDATE oproduct SET pdtimgurl2 = '/projectOhora/resources/images/productimage/productimg1.jpg' WHERE pdtid = 102;
UPDATE oproduct SET pdtimgurl2 = '/projectOhora/resources/images/productimage/productimg4.jpg' WHERE pdtid = 103;
UPDATE oproduct SET pdtimgurl2 = '/projectOhora/resources/images/productimage/productimg3.jpg' WHERE pdtid = 104;
UPDATE oproduct SET pdtimgurl2 = '/projectOhora/resources/images/productimage/productimg2.jpg' WHERE pdtid = 105;
UPDATE oproduct SET pdtimgurl2 = '/projectOhora/resources/images/productimage/productimg7.jpg' WHERE pdtid = 106;
UPDATE oproduct SET pdtimgurl2 = '/projectOhora/resources/images/productimage/productimg8.jpg' WHERE pdtid = 107;
UPDATE oproduct SET pdtimgurl2 = '/projectOhora/resources/images/productimage/productimg5.jpg' WHERE pdtid = 108;
UPDATE oproduct SET pdtimgurl2 = '/projectOhora/resources/images/productimage/productimg6.jpg' WHERE pdtid = 109;
UPDATE oproduct SET pdtimgurl2 = '/projectOhora/resources/images/productimage/productimg1.jpg' WHERE pdtid = 110;
UPDATE oproduct SET pdtimgurl2 = '/projectOhora/resources/images/productimage/productimg4.jpg' WHERE pdtid = 111;
UPDATE oproduct SET pdtimgurl2 = '/projectOhora/resources/images/productimage/productimg3.jpg' WHERE pdtid = 112;
UPDATE oproduct SET pdtimgurl2 = '/projectOhora/resources/images/productimage/productimg2.jpg' WHERE pdtid = 113;
UPDATE oproduct SET pdtimgurl2 = '/projectOhora/resources/images/productimage/productimg7.jpg' WHERE pdtid = 114;
UPDATE oproduct SET pdtimgurl2 = '/projectOhora/resources/images/productimage/productimg8.jpg' WHERE pdtid = 115;
UPDATE oproduct SET pdtimgurl2 = '/projectOhora/resources/images/productimage/productimg5.jpg' WHERE pdtid = 116;
UPDATE oproduct SET pdtimgurl2 = '/projectOhora/resources/images/productimage/productimg6.jpg' WHERE pdtid = 117;
UPDATE oproduct SET pdtimgurl2 = '/projectOhora/resources/images/productimage/productimg1.jpg' WHERE pdtid = 118;
UPDATE oproduct SET pdtimgurl2 = '/projectOhora/resources/images/productimage/productimg4.jpg' WHERE pdtid = 119;
UPDATE oproduct SET pdtimgurl2 = '/projectOhora/resources/images/productimage/productimg3.jpg' WHERE pdtid = 120;
UPDATE oproduct SET pdtimgurl2 = '/projectOhora/resources/images/productimage/productimg2.jpg' WHERE pdtid = 121;
UPDATE oproduct SET pdtimgurl2 = '/projectOhora/resources/images/productimage/productimg7.jpg' WHERE pdtid = 122;
UPDATE oproduct SET pdtimgurl2 = '/projectOhora/resources/images/productimage/productimg8.jpg' WHERE pdtid = 123;
UPDATE oproduct SET pdtimgurl2 = '/projectOhora/resources/images/productimage/productimg5.jpg' WHERE pdtid = 124;
UPDATE oproduct SET pdtimgurl2 = '/projectOhora/resources/images/productimage/productimg6.jpg' WHERE pdtid = 125;
UPDATE oproduct SET pdtimgurl2 = '/projectOhora/resources/images/productimage/productimg1.jpg' WHERE pdtid = 126;
UPDATE oproduct SET pdtimgurl2 = '/projectOhora/resources/images/productimage/productimg4.jpg' WHERE pdtid = 127;
UPDATE oproduct SET pdtimgurl2 = '/projectOhora/resources/images/productimage/productimg3.jpg' WHERE pdtid = 128;
UPDATE oproduct SET pdtimgurl2 = '/projectOhora/resources/images/productimage/productimg2.jpg' WHERE pdtid = 129;
UPDATE oproduct SET pdtimgurl2 = '/projectOhora/resources/images/productimage/productimg7.jpg' WHERE pdtid = 130;
UPDATE oproduct SET pdtimgurl2 = '/projectOhora/resources/images/productimage/productimg8.jpg' WHERE pdtid = 131;
UPDATE oproduct SET pdtimgurl2 = '/projectOhora/resources/images/productimage/productimg5.jpg' WHERE pdtid = 132;
UPDATE oproduct SET pdtimgurl2 = '/projectOhora/resources/images/productimage/productimg6.jpg' WHERE pdtid = 133;
UPDATE oproduct SET pdtimgurl2 = '/projectOhora/resources/images/productimage/productimg1.jpg' WHERE pdtid = 134;
UPDATE oproduct SET pdtimgurl2 = '/projectOhora/resources/images/productimage/productimg4.jpg' WHERE pdtid = 135;
UPDATE oproduct SET pdtimgurl2 = '/projectOhora/resources/images/productimage/productimg3.jpg' WHERE pdtid = 136;
UPDATE oproduct SET pdtimgurl2 = '/projectOhora/resources/images/productimage/productimg2.jpg' WHERE pdtid = 137;
UPDATE oproduct SET pdtimgurl2 = '/projectOhora/resources/images/productimage/productimg7.jpg' WHERE pdtid = 138;
UPDATE oproduct SET pdtimgurl2 = '/projectOhora/resources/images/productimage/productimg8.jpg' WHERE pdtid = 139;
UPDATE oproduct SET pdtimgurl2 = '/projectOhora/resources/images/productimage/productimg5.jpg' WHERE pdtid = 140;
UPDATE oproduct SET pdtimgurl2 = '/projectOhora/resources/images/productimage/productimg6.jpg' WHERE pdtid = 141;
UPDATE oproduct SET pdtimgurl2 = '/projectOhora/resources/images/productimage/productimg1.jpg' WHERE pdtid = 142;
UPDATE oproduct SET pdtimgurl2 = '/projectOhora/resources/images/productimage/productimg4.jpg' WHERE pdtid = 143;
UPDATE oproduct SET pdtimgurl2 = '/projectOhora/resources/images/productimage/productimg3.jpg' WHERE pdtid = 144;
UPDATE oproduct SET pdtimgurl2 = '/projectOhora/resources/images/productimage/productimg2.jpg' WHERE pdtid = 145;
UPDATE oproduct SET pdtimgurl2 = '/projectOhora/resources/images/productimage/productimg7.jpg' WHERE pdtid = 146;
UPDATE oproduct SET pdtimgurl2 = '/projectOhora/resources/images/productimage/productimg8.jpg' WHERE pdtid = 147;
UPDATE oproduct SET pdtimgurl2 = '/projectOhora/resources/images/productimage/productimg5.jpg' WHERE pdtid = 148;
UPDATE oproduct SET pdtimgurl2 = '/projectOhora/resources/images/productimage/productimg6.jpg' WHERE pdtid = 149;
UPDATE oproduct SET pdtimgurl2 = '/projectOhora/resources/images/productimage/productimg1.jpg' WHERE pdtid = 150;
UPDATE oproduct SET pdtimgurl2 = '/projectOhora/resources/images/productimage/productimg4.jpg' WHERE pdtid = 151;
UPDATE oproduct SET pdtimgurl2 = '/projectOhora/resources/images/productimage/productimg3.jpg' WHERE pdtid = 152;
UPDATE oproduct SET pdtimgurl2 = '/projectOhora/resources/images/productimage/productimg2.jpg' WHERE pdtid = 153;
UPDATE oproduct SET pdtimgurl2 = '/projectOhora/resources/images/productimage/productimg7.jpg' WHERE pdtid = 154;
UPDATE oproduct SET pdtimgurl2 = '/projectOhora/resources/images/productimage/productimg8.jpg' WHERE pdtid = 155;
UPDATE oproduct SET pdtimgurl2 = '/projectOhora/resources/images/productimage/productimg5.jpg' WHERE pdtid = 156;
UPDATE oproduct SET pdtimgurl2 = '/projectOhora/resources/images/productimage/productimg6.jpg' WHERE pdtid = 157;
UPDATE oproduct SET pdtimgurl2 = '/projectOhora/resources/images/productimage/productimg1.jpg' WHERE pdtid = 158;
UPDATE oproduct SET pdtimgurl2 = '/projectOhora/resources/images/productimage/productimg4.jpg' WHERE pdtid = 159;
UPDATE oproduct SET pdtimgurl2 = '/projectOhora/resources/images/productimage/productimg3.jpg' WHERE pdtid = 160;
UPDATE oproduct SET pdtimgurl2 = '/projectOhora/resources/images/productimage/productimg2.jpg' WHERE pdtid = 161;
UPDATE oproduct SET pdtimgurl2 = '/projectOhora/resources/images/productimage/productimg7.jpg' WHERE pdtid = 162;
UPDATE oproduct SET pdtimgurl2 = '/projectOhora/resources/images/productimage/productimg8.jpg' WHERE pdtid = 163;
UPDATE oproduct SET pdtimgurl2 = '/projectOhora/resources/images/productimage/productimg5.jpg' WHERE pdtid = 164;
UPDATE oproduct SET pdtimgurl2 = '/projectOhora/resources/images/productimage/productimg6.jpg' WHERE pdtid = 165;
UPDATE oproduct SET pdtimgurl2 = '/projectOhora/resources/images/productimage/productimg1.jpg' WHERE pdtid = 166;
UPDATE oproduct SET pdtimgurl2 = '/projectOhora/resources/images/productimage/productimg4.jpg' WHERE pdtid = 167;
UPDATE oproduct SET pdtimgurl2 = '/projectOhora/resources/images/productimage/productimg3.jpg' WHERE pdtid = 168;
UPDATE oproduct SET pdtimgurl2 = '/projectOhora/resources/images/productimage/productimg2.jpg' WHERE pdtid = 169;
UPDATE oproduct SET pdtimgurl2 = '/projectOhora/resources/images/productimage/productimg7.jpg' WHERE pdtid = 170;
UPDATE oproduct SET pdtimgurl2 = '/projectOhora/resources/images/productimage/productimg8.jpg' WHERE pdtid = 171;
UPDATE oproduct SET pdtimgurl2 = '/projectOhora/resources/images/productimage/productimg5.jpg' WHERE pdtid = 172;
UPDATE oproduct SET pdtimgurl2 = '/projectOhora/resources/images/productimage/productimg6.jpg' WHERE pdtid = 173;
UPDATE oproduct SET pdtimgurl2 = '/projectOhora/resources/images/productimage/productimg1.jpg' WHERE pdtid = 174;
UPDATE oproduct SET pdtimgurl2 = '/projectOhora/resources/images/productimage/productimg4.jpg' WHERE pdtid = 175;
UPDATE oproduct SET pdtimgurl2 = '/projectOhora/resources/images/productimage/productimg3.jpg' WHERE pdtid = 176;
UPDATE oproduct SET pdtimgurl2 = '/projectOhora/resources/images/productimage/productimg2.jpg' WHERE pdtid = 177;
UPDATE oproduct SET pdtimgurl2 = '/projectOhora/resources/images/productimage/productimg7.jpg' WHERE pdtid = 178;
UPDATE oproduct SET pdtimgurl2 = '/projectOhora/resources/images/productimage/productimg8.jpg' WHERE pdtid = 179;
UPDATE oproduct SET pdtimgurl2 = '/projectOhora/resources/images/productimage/productimg5.jpg' WHERE pdtid = 180;
UPDATE oproduct SET pdtimgurl2 = '/projectOhora/resources/images/productimage/productimg6.jpg' WHERE pdtid = 181;
UPDATE oproduct SET pdtimgurl2 = '/projectOhora/resources/images/productimage/productimg1.jpg' WHERE pdtid = 182;

COMMIT;
